Date,Fuel_Type,Price_Per_Ton,Port
2026-08-01,VLSFO,619.18,Port of Singapore
2026-08-01,LSMGO,775.75,Port of Singapore
2026-08-01,LNG,533.25,Port of Singapore
2026-08-01,Bio-Methanol,501.7,Port of Singapore
2026-08-01,Biofuel (B30),787.09,Port of Singapore
2026-08-01,Ammonia,745.3,Port of Singapore
2026-08-01,Hydrogen,1861.77,Port of Singapore
2026-08-01,VLSFO,602.61,Port of Shanghai
2026-08-01,LSMGO,787.66,Port of Shanghai
2026-08-01,LNG,525.89,Port of Shanghai
2026-08-01,Bio-Methanol,501.56,Port of Shanghai
2026-08-01,Biofuel (B30),780.16,Port of Shanghai
2026-08-01,Ammonia,725.8,Port of Shanghai
2026-08-01,Hydrogen,1840.97,Port of Shanghai
2026-08-01,VLSFO,619.5,Port of Ningbo-Zhoushan
2026-08-01,LSMGO,791.35,Port of Ningbo-Zhoushan
2026-08-01,LNG,531.61,Port of Ningbo-Zhoushan
2026-08-01,Bio-Methanol,512.68,Port of Ningbo-Zhoushan
2026-08-01,Biofuel (B30),789.28,Port of Ningbo-Zhoushan
2026-08-01,Ammonia,725.19,Port of Ningbo-Zhoushan
2026-08-01,Hydrogen,1859.17,Port of Ningbo-Zhoushan
2026-08-01,VLSFO,620.94,Port of Shenzhen
2026-08-01,LSMGO,785.21,Port of Shenzhen
2026-08-01,LNG,529.66,Port of Shenzhen
2026-08-01,Bio-Methanol,523.72,Port of Shenzhen
2026-08-01,Biofuel (B30),775.1,Port of Shenzhen
2026-08-01,Ammonia,727.78,Port of Shenzhen
2026-08-01,Hydrogen,1837.9,Port of Shenzhen
2026-08-01,VLSFO,625.42,Port of Busan
2026-08-01,LSMGO,793.11,Port of Busan
2026-08-01,LNG,549.21,Port of Busan
2026-08-01,Bio-Methanol,516.89,Port of Busan
2026-08-01,Biofuel (B30),781.09,Port of Busan
2026-08-01,Ammonia,754.19,Port of Busan
2026-08-01,Hydrogen,1846.36,Port of Busan
2026-08-01,VLSFO,616.56,Port of Hong Kong
2026-08-01,LSMGO,799.88,Port of Hong Kong
2026-08-01,LNG,543.56,Port of Hong Kong
2026-08-01,Bio-Methanol,520.85,Port of Hong Kong
2026-08-01,Biofuel (B30),782.32,Port of Hong Kong
2026-08-01,Ammonia,746.14,Port of Hong Kong
2026-08-01,Hydrogen,1836.37,Port of Hong Kong
2026-08-01,VLSFO,606.84,Port of Tokyo
2026-08-01,LSMGO,783.68,Port of Tokyo
2026-08-01,LNG,527.39,Port of Tokyo
2026-08-01,Bio-Methanol,501.98,Port of Tokyo
2026-08-01,Biofuel (B30),768.03,Port of Tokyo
2026-08-01,Ammonia,733.34,Port of Tokyo
2026-08-01,Hydrogen,1854.07,Port of Tokyo
2026-08-01,VLSFO,610.94,Port of Yokohama
2026-08-01,LSMGO,786.11,Port of Yokohama
2026-08-01,LNG,531.29,Port of Yokohama
2026-08-01,Bio-Methanol,503.01,Port of Yokohama
2026-08-01,Biofuel (B30),793.1,Port of Yokohama
2026-08-01,Ammonia,744.44,Port of Yokohama
2026-08-01,Hydrogen,1853.27,Port of Yokohama
2026-08-01,VLSFO,605.13,Port of Klang
2026-08-01,LSMGO,796.87,Port of Klang
2026-08-01,LNG,529.9,Port of Klang
2026-08-01,Bio-Methanol,506.38,Port of Klang
2026-08-01,Biofuel (B30),794.69,Port of Klang
2026-08-01,Ammonia,744.2,Port of Klang
2026-08-01,Hydrogen,1851.71,Port of Klang
2026-08-01,VLSFO,620.54,Port of Tanjung Pelepas
2026-08-01,LSMGO,800.29,Port of Tanjung Pelepas
2026-08-01,LNG,548.28,Port of Tanjung Pelepas
2026-08-01,Bio-Methanol,501.87,Port of Tanjung Pelepas
2026-08-01,Biofuel (B30),765.96,Port of Tanjung Pelepas
2026-08-01,Ammonia,734.46,Port of Tanjung Pelepas
2026-08-01,Hydrogen,1843.03,Port of Tanjung Pelepas
2026-08-02,VLSFO,606.33,Port of Singapore
2026-08-02,LSMGO,803.29,Port of Singapore
2026-08-02,LNG,551.29,Port of Singapore
2026-08-02,Bio-Methanol,504.44,Port of Singapore
2026-08-02,Biofuel (B30),784.66,Port of Singapore
2026-08-02,Ammonia,736.87,Port of Singapore
2026-08-02,Hydrogen,1862.44,Port of Singapore
2026-08-02,VLSFO,613.77,Port of Shanghai
2026-08-02,LSMGO,782.95,Port of Shanghai
2026-08-02,LNG,532.4,Port of Shanghai
2026-08-02,Bio-Methanol,511.84,Port of Shanghai
2026-08-02,Biofuel (B30),772.88,Port of Shanghai
2026-08-02,Ammonia,742.54,Port of Shanghai
2026-08-02,Hydrogen,1861.93,Port of Shanghai
2026-08-02,VLSFO,611.98,Port of Ningbo-Zhoushan
2026-08-02,LSMGO,781.58,Port of Ningbo-Zhoushan
2026-08-02,LNG,554.93,Port of Ningbo-Zhoushan
2026-08-02,Bio-Methanol,510.29,Port of Ningbo-Zhoushan
2026-08-02,Biofuel (B30),767.73,Port of Ningbo-Zhoushan
2026-08-02,Ammonia,726.41,Port of Ningbo-Zhoushan
2026-08-02,Hydrogen,1838.29,Port of Ningbo-Zhoushan
2026-08-02,VLSFO,618.82,Port of Shenzhen
2026-08-02,LSMGO,798.76,Port of Shenzhen
2026-08-02,LNG,537.66,Port of Shenzhen
2026-08-02,Bio-Methanol,496.91,Port of Shenzhen
2026-08-02,Biofuel (B30),776.45,Port of Shenzhen
2026-08-02,Ammonia,754.88,Port of Shenzhen
2026-08-02,Hydrogen,1850.87,Port of Shenzhen
2026-08-02,VLSFO,629.13,Port of Busan
2026-08-02,LSMGO,800.82,Port of Busan
2026-08-02,LNG,525.34,Port of Busan
2026-08-02,Bio-Methanol,516.62,Port of Busan
2026-08-02,Biofuel (B30),785.45,Port of Busan
2026-08-02,Ammonia,741.11,Port of Busan
2026-08-02,Hydrogen,1843.0,Port of Busan
2026-08-02,VLSFO,619.23,Port of Hong Kong
2026-08-02,LSMGO,778.35,Port of Hong Kong
2026-08-02,LNG,538.04,Port of Hong Kong
2026-08-02,Bio-Methanol,508.61,Port of Hong Kong
2026-08-02,Biofuel (B30),793.61,Port of Hong Kong
2026-08-02,Ammonia,751.28,Port of Hong Kong
2026-08-02,Hydrogen,1842.9,Port of Hong Kong
2026-08-02,VLSFO,615.02,Port of Tokyo
2026-08-02,LSMGO,780.36,Port of Tokyo
2026-08-02,LNG,552.38,Port of Tokyo
2026-08-02,Bio-Methanol,521.12,Port of Tokyo
2026-08-02,Biofuel (B30),773.95,Port of Tokyo
2026-08-02,Ammonia,744.17,Port of Tokyo
2026-08-02,Hydrogen,1853.27,Port of Tokyo
2026-08-02,VLSFO,604.59,Port of Yokohama
2026-08-02,LSMGO,797.88,Port of Yokohama
2026-08-02,LNG,541.18,Port of Yokohama
2026-08-02,Bio-Methanol,518.36,Port of Yokohama
2026-08-02,Biofuel (B30),780.91,Port of Yokohama
2026-08-02,Ammonia,725.02,Port of Yokohama
2026-08-02,Hydrogen,1844.72,Port of Yokohama
2026-08-02,VLSFO,600.58,Port of Klang
2026-08-02,LSMGO,802.87,Port of Klang
2026-08-02,LNG,551.36,Port of Klang
2026-08-02,Bio-Methanol,519.95,Port of Klang
2026-08-02,Biofuel (B30),774.23,Port of Klang
2026-08-02,Ammonia,726.74,Port of Klang
2026-08-02,Hydrogen,1861.34,Port of Klang
2026-08-02,VLSFO,628.41,Port of Tanjung Pelepas
2026-08-02,LSMGO,777.57,Port of Tanjung Pelepas
2026-08-02,LNG,539.58,Port of Tanjung Pelepas
2026-08-02,Bio-Methanol,497.08,Port of Tanjung Pelepas
2026-08-02,Biofuel (B30),787.82,Port of Tanjung Pelepas
2026-08-02,Ammonia,747.98,Port of Tanjung Pelepas
2026-08-02,Hydrogen,1838.85,Port of Tanjung Pelepas
2026-08-03,VLSFO,614.26,Port of Singapore
2026-08-03,LSMGO,791.49,Port of Singapore
2026-08-03,LNG,532.95,Port of Singapore
2026-08-03,Bio-Methanol,521.17,Port of Singapore
2026-08-03,Biofuel (B30),777.69,Port of Singapore
2026-08-03,Ammonia,731.35,Port of Singapore
2026-08-03,Hydrogen,1851.18,Port of Singapore
2026-08-03,VLSFO,621.9,Port of Shanghai
2026-08-03,LSMGO,781.03,Port of Shanghai
2026-08-03,LNG,534.35,Port of Shanghai
2026-08-03,Bio-Methanol,524.85,Port of Shanghai
2026-08-03,Biofuel (B30),784.5,Port of Shanghai
2026-08-03,Ammonia,738.14,Port of Shanghai
2026-08-03,Hydrogen,1850.53,Port of Shanghai
2026-08-03,VLSFO,603.63,Port of Ningbo-Zhoushan
2026-08-03,LSMGO,781.74,Port of Ningbo-Zhoushan
2026-08-03,LNG,535.14,Port of Ningbo-Zhoushan
2026-08-03,Bio-Methanol,512.65,Port of Ningbo-Zhoushan
2026-08-03,Biofuel (B30),771.9,Port of Ningbo-Zhoushan
2026-08-03,Ammonia,731.61,Port of Ningbo-Zhoushan
2026-08-03,Hydrogen,1837.13,Port of Ningbo-Zhoushan
2026-08-03,VLSFO,618.93,Port of Shenzhen
2026-08-03,LSMGO,781.87,Port of Shenzhen
2026-08-03,LNG,552.16,Port of Shenzhen
2026-08-03,Bio-Methanol,520.79,Port of Shenzhen
2026-08-03,Biofuel (B30),767.13,Port of Shenzhen
2026-08-03,Ammonia,732.14,Port of Shenzhen
2026-08-03,Hydrogen,1855.07,Port of Shenzhen
2026-08-03,VLSFO,606.43,Port of Busan
2026-08-03,LSMGO,778.97,Port of Busan
2026-08-03,LNG,553.07,Port of Busan
2026-08-03,Bio-Methanol,512.13,Port of Busan
2026-08-03,Biofuel (B30),779.18,Port of Busan
2026-08-03,Ammonia,748.54,Port of Busan
2026-08-03,Hydrogen,1859.22,Port of Busan
2026-08-03,VLSFO,605.71,Port of Hong Kong
2026-08-03,LSMGO,777.91,Port of Hong Kong
2026-08-03,LNG,537.93,Port of Hong Kong
2026-08-03,Bio-Methanol,507.71,Port of Hong Kong
2026-08-03,Biofuel (B30),779.01,Port of Hong Kong
2026-08-03,Ammonia,746.87,Port of Hong Kong
2026-08-03,Hydrogen,1855.2,Port of Hong Kong
2026-08-03,VLSFO,629.52,Port of Tokyo
2026-08-03,LSMGO,777.95,Port of Tokyo
2026-08-03,LNG,537.08,Port of Tokyo
2026-08-03,Bio-Methanol,505.18,Port of Tokyo
2026-08-03,Biofuel (B30),790.85,Port of Tokyo
2026-08-03,Ammonia,732.46,Port of Tokyo
2026-08-03,Hydrogen,1840.71,Port of Tokyo
2026-08-03,VLSFO,613.46,Port of Yokohama
2026-08-03,LSMGO,787.66,Port of Yokohama
2026-08-03,LNG,533.36,Port of Yokohama
2026-08-03,Bio-Methanol,502.49,Port of Yokohama
2026-08-03,Biofuel (B30),792.7,Port of Yokohama
2026-08-03,Ammonia,738.29,Port of Yokohama
2026-08-03,Hydrogen,1860.84,Port of Yokohama
2026-08-03,VLSFO,616.51,Port of Klang
2026-08-03,LSMGO,776.52,Port of Klang
2026-08-03,LNG,554.98,Port of Klang
2026-08-03,Bio-Methanol,520.08,Port of Klang
2026-08-03,Biofuel (B30),794.07,Port of Klang
2026-08-03,Ammonia,752.79,Port of Klang
2026-08-03,Hydrogen,1860.46,Port of Klang
2026-08-03,VLSFO,604.99,Port of Tanjung Pelepas
2026-08-03,LSMGO,789.57,Port of Tanjung Pelepas
2026-08-03,LNG,531.41,Port of Tanjung Pelepas
2026-08-03,Bio-Methanol,507.03,Port of Tanjung Pelepas
2026-08-03,Biofuel (B30),766.76,Port of Tanjung Pelepas
2026-08-03,Ammonia,736.37,Port of Tanjung Pelepas
2026-08-03,Hydrogen,1864.56,Port of Tanjung Pelepas
2026-08-04,VLSFO,607.96,Port of Singapore
2026-08-04,LSMGO,798.52,Port of Singapore
2026-08-04,LNG,538.65,Port of Singapore
2026-08-04,Bio-Methanol,507.69,Port of Singapore
2026-08-04,Biofuel (B30),793.72,Port of Singapore
2026-08-04,Ammonia,754.86,Port of Singapore
2026-08-04,Hydrogen,1851.67,Port of Singapore
2026-08-04,VLSFO,621.55,Port of Shanghai
2026-08-04,LSMGO,779.64,Port of Shanghai
2026-08-04,LNG,533.9,Port of Shanghai
2026-08-04,Bio-Methanol,524.06,Port of Shanghai
2026-08-04,Biofuel (B30),782.38,Port of Shanghai
2026-08-04,Ammonia,741.27,Port of Shanghai
2026-08-04,Hydrogen,1857.44,Port of Shanghai
2026-08-04,VLSFO,601.71,Port of Ningbo-Zhoushan
2026-08-04,LSMGO,792.53,Port of Ningbo-Zhoushan
2026-08-04,LNG,540.09,Port of Ningbo-Zhoushan
2026-08-04,Bio-Methanol,520.58,Port of Ningbo-Zhoushan
2026-08-04,Biofuel (B30),769.72,Port of Ningbo-Zhoushan
2026-08-04,Ammonia,753.82,Port of Ningbo-Zhoushan
2026-08-04,Hydrogen,1837.4,Port of Ningbo-Zhoushan
2026-08-04,VLSFO,605.57,Port of Shenzhen
2026-08-04,LSMGO,792.85,Port of Shenzhen
2026-08-04,LNG,545.26,Port of Shenzhen
2026-08-04,Bio-Methanol,502.06,Port of Shenzhen
2026-08-04,Biofuel (B30),768.6,Port of Shenzhen
2026-08-04,Ammonia,751.71,Port of Shenzhen
2026-08-04,Hydrogen,1842.39,Port of Shenzhen
2026-08-04,VLSFO,617.84,Port of Busan
2026-08-04,LSMGO,793.58,Port of Busan
2026-08-04,LNG,537.58,Port of Busan
2026-08-04,Bio-Methanol,512.51,Port of Busan
2026-08-04,Biofuel (B30),780.68,Port of Busan
2026-08-04,Ammonia,753.04,Port of Busan
2026-08-04,Hydrogen,1841.13,Port of Busan
2026-08-04,VLSFO,621.49,Port of Hong Kong
2026-08-04,LSMGO,782.16,Port of Hong Kong
2026-08-04,LNG,536.87,Port of Hong Kong
2026-08-04,Bio-Methanol,515.15,Port of Hong Kong
2026-08-04,Biofuel (B30),774.0,Port of Hong Kong
2026-08-04,Ammonia,734.49,Port of Hong Kong
2026-08-04,Hydrogen,1857.56,Port of Hong Kong
2026-08-04,VLSFO,602.18,Port of Tokyo
2026-08-04,LSMGO,788.75,Port of Tokyo
2026-08-04,LNG,554.95,Port of Tokyo
2026-08-04,Bio-Methanol,524.88,Port of Tokyo
2026-08-04,Biofuel (B30),767.2,Port of Tokyo
2026-08-04,Ammonia,731.39,Port of Tokyo
2026-08-04,Hydrogen,1842.96,Port of Tokyo
2026-08-04,VLSFO,628.0,Port of Yokohama
2026-08-04,LSMGO,801.43,Port of Yokohama
2026-08-04,LNG,551.38,Port of Yokohama
2026-08-04,Bio-Methanol,506.09,Port of Yokohama
2026-08-04,Biofuel (B30),769.73,Port of Yokohama
2026-08-04,Ammonia,750.01,Port of Yokohama
2026-08-04,Hydrogen,1856.11,Port of Yokohama
2026-08-04,VLSFO,618.35,Port of Klang
2026-08-04,LSMGO,804.62,Port of Klang
2026-08-04,LNG,544.62,Port of Klang
2026-08-04,Bio-Methanol,495.23,Port of Klang
2026-08-04,Biofuel (B30),789.51,Port of Klang
2026-08-04,Ammonia,733.98,Port of Klang
2026-08-04,Hydrogen,1854.9,Port of Klang
2026-08-04,VLSFO,628.17,Port of Tanjung Pelepas
2026-08-04,LSMGO,779.03,Port of Tanjung Pelepas
2026-08-04,LNG,528.46,Port of Tanjung Pelepas
2026-08-04,Bio-Methanol,498.21,Port of Tanjung Pelepas
2026-08-04,Biofuel (B30),781.6,Port of Tanjung Pelepas
2026-08-04,Ammonia,733.17,Port of Tanjung Pelepas
2026-08-04,Hydrogen,1853.14,Port of Tanjung Pelepas
2026-08-05,VLSFO,621.53,Port of Singapore
2026-08-05,LSMGO,781.11,Port of Singapore
2026-08-05,LNG,544.03,Port of Singapore
2026-08-05,Bio-Methanol,502.92,Port of Singapore
2026-08-05,Biofuel (B30),779.66,Port of Singapore
2026-08-05,Ammonia,752.16,Port of Singapore
2026-08-05,Hydrogen,1860.38,Port of Singapore
2026-08-05,VLSFO,602.77,Port of Shanghai
2026-08-05,LSMGO,787.71,Port of Shanghai
2026-08-05,LNG,533.3,Port of Shanghai
2026-08-05,Bio-Methanol,495.11,Port of Shanghai
2026-08-05,Biofuel (B30),788.13,Port of Shanghai
2026-08-05,Ammonia,744.11,Port of Shanghai
2026-08-05,Hydrogen,1842.86,Port of Shanghai
2026-08-05,VLSFO,622.24,Port of Ningbo-Zhoushan
2026-08-05,LSMGO,791.55,Port of Ningbo-Zhoushan
2026-08-05,LNG,537.83,Port of Ningbo-Zhoushan
2026-08-05,Bio-Methanol,495.29,Port of Ningbo-Zhoushan
2026-08-05,Biofuel (B30),767.26,Port of Ningbo-Zhoushan
2026-08-05,Ammonia,751.49,Port of Ningbo-Zhoushan
2026-08-05,Hydrogen,1862.12,Port of Ningbo-Zhoushan
2026-08-05,VLSFO,616.37,Port of Shenzhen
2026-08-05,LSMGO,800.04,Port of Shenzhen
2026-08-05,LNG,542.48,Port of Shenzhen
2026-08-05,Bio-Methanol,499.44,Port of Shenzhen
2026-08-05,Biofuel (B30),768.82,Port of Shenzhen
2026-08-05,Ammonia,734.25,Port of Shenzhen
2026-08-05,Hydrogen,1861.97,Port of Shenzhen
2026-08-05,VLSFO,623.88,Port of Busan
2026-08-05,LSMGO,800.82,Port of Busan
2026-08-05,LNG,551.97,Port of Busan
2026-08-05,Bio-Methanol,501.3,Port of Busan
2026-08-05,Biofuel (B30),772.49,Port of Busan
2026-08-05,Ammonia,728.08,Port of Busan
2026-08-05,Hydrogen,1858.4,Port of Busan
2026-08-05,VLSFO,626.52,Port of Hong Kong
2026-08-05,LSMGO,787.19,Port of Hong Kong
2026-08-05,LNG,543.62,Port of Hong Kong
2026-08-05,Bio-Methanol,499.64,Port of Hong Kong
2026-08-05,Biofuel (B30),792.9,Port of Hong Kong
2026-08-05,Ammonia,750.94,Port of Hong Kong
2026-08-05,Hydrogen,1864.29,Port of Hong Kong
2026-08-05,VLSFO,624.32,Port of Tokyo
2026-08-05,LSMGO,801.44,Port of Tokyo
2026-08-05,LNG,525.74,Port of Tokyo
2026-08-05,Bio-Methanol,517.1,Port of Tokyo
2026-08-05,Biofuel (B30),774.97,Port of Tokyo
2026-08-05,Ammonia,752.92,Port of Tokyo
2026-08-05,Hydrogen,1859.07,Port of Tokyo
2026-08-05,VLSFO,625.92,Port of Yokohama
2026-08-05,LSMGO,799.32,Port of Yokohama
2026-08-05,LNG,533.0,Port of Yokohama
2026-08-05,Bio-Methanol,518.62,Port of Yokohama
2026-08-05,Biofuel (B30),768.24,Port of Yokohama
2026-08-05,Ammonia,751.17,Port of Yokohama
2026-08-05,Hydrogen,1860.76,Port of Yokohama
2026-08-05,VLSFO,606.67,Port of Klang
2026-08-05,LSMGO,799.5,Port of Klang
2026-08-05,LNG,538.81,Port of Klang
2026-08-05,Bio-Methanol,504.16,Port of Klang
2026-08-05,Biofuel (B30),788.86,Port of Klang
2026-08-05,Ammonia,731.83,Port of Klang
2026-08-05,Hydrogen,1835.71,Port of Klang
2026-08-05,VLSFO,605.79,Port of Tanjung Pelepas
2026-08-05,LSMGO,784.85,Port of Tanjung Pelepas
2026-08-05,LNG,550.93,Port of Tanjung Pelepas
2026-08-05,Bio-Methanol,524.01,Port of Tanjung Pelepas
2026-08-05,Biofuel (B30),773.37,Port of Tanjung Pelepas
2026-08-05,Ammonia,744.24,Port of Tanjung Pelepas
2026-08-05,Hydrogen,1846.99,Port of Tanjung Pelepas
2026-08-06,VLSFO,629.43,Port of Singapore
2026-08-06,LSMGO,791.09,Port of Singapore
2026-08-06,LNG,553.18,Port of Singapore
2026-08-06,Bio-Methanol,498.46,Port of Singapore
2026-08-06,Biofuel (B30),794.11,Port of Singapore
2026-08-06,Ammonia,730.36,Port of Singapore
2026-08-06,Hydrogen,1863.88,Port of Singapore
2026-08-06,VLSFO,607.96,Port of Shanghai
2026-08-06,LSMGO,778.25,Port of Shanghai
2026-08-06,LNG,538.04,Port of Shanghai
2026-08-06,Bio-Methanol,516.86,Port of Shanghai
2026-08-06,Biofuel (B30),774.41,Port of Shanghai
2026-08-06,Ammonia,743.19,Port of Shanghai
2026-08-06,Hydrogen,1850.34,Port of Shanghai
2026-08-06,VLSFO,611.56,Port of Ningbo-Zhoushan
2026-08-06,LSMGO,792.3,Port of Ningbo-Zhoushan
2026-08-06,LNG,532.64,Port of Ningbo-Zhoushan
2026-08-06,Bio-Methanol,516.26,Port of Ningbo-Zhoushan
2026-08-06,Biofuel (B30),765.05,Port of Ningbo-Zhoushan
2026-08-06,Ammonia,752.77,Port of Ningbo-Zhoushan
2026-08-06,Hydrogen,1851.15,Port of Ningbo-Zhoushan
2026-08-06,VLSFO,621.58,Port of Shenzhen
2026-08-06,LSMGO,797.26,Port of Shenzhen
2026-08-06,LNG,545.12,Port of Shenzhen
2026-08-06,Bio-Methanol,505.93,Port of Shenzhen
2026-08-06,Biofuel (B30),767.1,Port of Shenzhen
2026-08-06,Ammonia,744.93,Port of Shenzhen
2026-08-06,Hydrogen,1844.91,Port of Shenzhen
2026-08-06,VLSFO,609.42,Port of Busan
2026-08-06,LSMGO,800.44,Port of Busan
2026-08-06,LNG,546.59,Port of Busan
2026-08-06,Bio-Methanol,504.01,Port of Busan
2026-08-06,Biofuel (B30),774.28,Port of Busan
2026-08-06,Ammonia,737.25,Port of Busan
2026-08-06,Hydrogen,1847.07,Port of Busan
2026-08-06,VLSFO,608.87,Port of Hong Kong
2026-08-06,LSMGO,778.82,Port of Hong Kong
2026-08-06,LNG,537.61,Port of Hong Kong
2026-08-06,Bio-Methanol,523.21,Port of Hong Kong
2026-08-06,Biofuel (B30),785.32,Port of Hong Kong
2026-08-06,Ammonia,752.08,Port of Hong Kong
2026-08-06,Hydrogen,1853.47,Port of Hong Kong
2026-08-06,VLSFO,609.03,Port of Tokyo
2026-08-06,LSMGO,791.44,Port of Tokyo
2026-08-06,LNG,525.01,Port of Tokyo
2026-08-06,Bio-Methanol,503.61,Port of Tokyo
2026-08-06,Biofuel (B30),777.9,Port of Tokyo
2026-08-06,Ammonia,742.4,Port of Tokyo
2026-08-06,Hydrogen,1854.64,Port of Tokyo
2026-08-06,VLSFO,613.95,Port of Yokohama
2026-08-06,LSMGO,788.26,Port of Yokohama
2026-08-06,LNG,531.41,Port of Yokohama
2026-08-06,Bio-Methanol,509.2,Port of Yokohama
2026-08-06,Biofuel (B30),792.04,Port of Yokohama
2026-08-06,Ammonia,748.88,Port of Yokohama
2026-08-06,Hydrogen,1840.09,Port of Yokohama
2026-08-06,VLSFO,602.54,Port of Klang
2026-08-06,LSMGO,790.46,Port of Klang
2026-08-06,LNG,543.99,Port of Klang
2026-08-06,Bio-Methanol,505.06,Port of Klang
2026-08-06,Biofuel (B30),789.55,Port of Klang
2026-08-06,Ammonia,747.53,Port of Klang
2026-08-06,Hydrogen,1855.18,Port of Klang
2026-08-06,VLSFO,606.74,Port of Tanjung Pelepas
2026-08-06,LSMGO,780.97,Port of Tanjung Pelepas
2026-08-06,LNG,525.73,Port of Tanjung Pelepas
2026-08-06,Bio-Methanol,502.35,Port of Tanjung Pelepas
2026-08-06,Biofuel (B30),779.25,Port of Tanjung Pelepas
2026-08-06,Ammonia,750.49,Port of Tanjung Pelepas
2026-08-06,Hydrogen,1837.18,Port of Tanjung Pelepas
2026-08-07,VLSFO,612.43,Port of Singapore
2026-08-07,LSMGO,793.89,Port of Singapore
2026-08-07,LNG,530.83,Port of Singapore
2026-08-07,Bio-Methanol,515.89,Port of Singapore
2026-08-07,Biofuel (B30),779.83,Port of Singapore
2026-08-07,Ammonia,732.32,Port of Singapore
2026-08-07,Hydrogen,1854.68,Port of Singapore
2026-08-07,VLSFO,600.17,Port of Shanghai
2026-08-07,LSMGO,797.53,Port of Shanghai
2026-08-07,LNG,548.1,Port of Shanghai
2026-08-07,Bio-Methanol,498.2,Port of Shanghai
2026-08-07,Biofuel (B30),777.75,Port of Shanghai
2026-08-07,Ammonia,730.28,Port of Shanghai
2026-08-07,Hydrogen,1863.74,Port of Shanghai
2026-08-07,VLSFO,615.54,Port of Ningbo-Zhoushan
2026-08-07,LSMGO,776.51,Port of Ningbo-Zhoushan
2026-08-07,LNG,532.48,Port of Ningbo-Zhoushan
2026-08-07,Bio-Methanol,520.45,Port of Ningbo-Zhoushan
2026-08-07,Biofuel (B30),778.69,Port of Ningbo-Zhoushan
2026-08-07,Ammonia,749.04,Port of Ningbo-Zhoushan
2026-08-07,Hydrogen,1855.03,Port of Ningbo-Zhoushan
2026-08-07,VLSFO,629.64,Port of Shenzhen
2026-08-07,LSMGO,792.86,Port of Shenzhen
2026-08-07,LNG,553.5,Port of Shenzhen
2026-08-07,Bio-Methanol,521.74,Port of Shenzhen
2026-08-07,Biofuel (B30),783.38,Port of Shenzhen
2026-08-07,Ammonia,746.58,Port of Shenzhen
2026-08-07,Hydrogen,1850.14,Port of Shenzhen
2026-08-07,VLSFO,624.92,Port of Busan
2026-08-07,LSMGO,791.44,Port of Busan
2026-08-07,LNG,551.92,Port of Busan
2026-08-07,Bio-Methanol,517.31,Port of Busan
2026-08-07,Biofuel (B30),779.24,Port of Busan
2026-08-07,Ammonia,732.78,Port of Busan
2026-08-07,Hydrogen,1842.42,Port of Busan
2026-08-07,VLSFO,619.13,Port of Hong Kong
2026-08-07,LSMGO,797.97,Port of Hong Kong
2026-08-07,LNG,540.64,Port of Hong Kong
2026-08-07,Bio-Methanol,513.8,Port of Hong Kong
2026-08-07,Biofuel (B30),773.24,Port of Hong Kong
2026-08-07,Ammonia,727.32,Port of Hong Kong
2026-08-07,Hydrogen,1843.57,Port of Hong Kong
2026-08-07,VLSFO,608.15,Port of Tokyo
2026-08-07,LSMGO,784.59,Port of Tokyo
2026-08-07,LNG,541.2,Port of Tokyo
2026-08-07,Bio-Methanol,499.15,Port of Tokyo
2026-08-07,Biofuel (B30),771.94,Port of Tokyo
2026-08-07,Ammonia,745.82,Port of Tokyo
2026-08-07,Hydrogen,1856.19,Port of Tokyo
2026-08-07,VLSFO,601.93,Port of Yokohama
2026-08-07,LSMGO,787.23,Port of Yokohama
2026-08-07,LNG,541.28,Port of Yokohama
2026-08-07,Bio-Methanol,507.47,Port of Yokohama
2026-08-07,Biofuel (B30),771.21,Port of Yokohama
2026-08-07,Ammonia,737.6,Port of Yokohama
2026-08-07,Hydrogen,1862.15,Port of Yokohama
2026-08-07,VLSFO,617.52,Port of Klang
2026-08-07,LSMGO,795.87,Port of Klang
2026-08-07,LNG,550.7,Port of Klang
2026-08-07,Bio-Methanol,517.97,Port of Klang
2026-08-07,Biofuel (B30),776.41,Port of Klang
2026-08-07,Ammonia,725.18,Port of Klang
2026-08-07,Hydrogen,1845.55,Port of Klang
2026-08-07,VLSFO,622.6,Port of Tanjung Pelepas
2026-08-07,LSMGO,800.6,Port of Tanjung Pelepas
2026-08-07,LNG,553.6,Port of Tanjung Pelepas
2026-08-07,Bio-Methanol,507.57,Port of Tanjung Pelepas
2026-08-07,Biofuel (B30),787.43,Port of Tanjung Pelepas
2026-08-07,Ammonia,741.38,Port of Tanjung Pelepas
2026-08-07,Hydrogen,1853.1,Port of Tanjung Pelepas
2026-08-08,VLSFO,606.62,Port of Singapore
2026-08-08,LSMGO,781.58,Port of Singapore
2026-08-08,LNG,538.08,Port of Singapore
2026-08-08,Bio-Methanol,495.87,Port of Singapore
2026-08-08,Biofuel (B30),775.08,Port of Singapore
2026-08-08,Ammonia,745.37,Port of Singapore
2026-08-08,Hydrogen,1847.13,Port of Singapore
2026-08-08,VLSFO,604.95,Port of Shanghai
2026-08-08,LSMGO,789.02,Port of Shanghai
2026-08-08,LNG,528.83,Port of Shanghai
2026-08-08,Bio-Methanol,513.67,Port of Shanghai
2026-08-08,Biofuel (B30),765.81,Port of Shanghai
2026-08-08,Ammonia,736.82,Port of Shanghai
2026-08-08,Hydrogen,1851.93,Port of Shanghai
2026-08-08,VLSFO,600.81,Port of Ningbo-Zhoushan
2026-08-08,LSMGO,794.28,Port of Ningbo-Zhoushan
2026-08-08,LNG,529.07,Port of Ningbo-Zhoushan
2026-08-08,Bio-Methanol,508.85,Port of Ningbo-Zhoushan
2026-08-08,Biofuel (B30),766.51,Port of Ningbo-Zhoushan
2026-08-08,Ammonia,736.37,Port of Ningbo-Zhoushan
2026-08-08,Hydrogen,1841.35,Port of Ningbo-Zhoushan
2026-08-08,VLSFO,609.81,Port of Shenzhen
2026-08-08,LSMGO,797.84,Port of Shenzhen
2026-08-08,LNG,536.37,Port of Shenzhen
2026-08-08,Bio-Methanol,517.56,Port of Shenzhen
2026-08-08,Biofuel (B30),789.96,Port of Shenzhen
2026-08-08,Ammonia,732.57,Port of Shenzhen
2026-08-08,Hydrogen,1837.46,Port of Shenzhen
2026-08-08,VLSFO,600.58,Port of Busan
2026-08-08,LSMGO,791.18,Port of Busan
2026-08-08,LNG,555.0,Port of Busan
2026-08-08,Bio-Methanol,505.5,Port of Busan
2026-08-08,Biofuel (B30),784.5,Port of Busan
2026-08-08,Ammonia,748.44,Port of Busan
2026-08-08,Hydrogen,1854.55,Port of Busan
2026-08-08,VLSFO,622.63,Port of Hong Kong
2026-08-08,LSMGO,803.49,Port of Hong Kong
2026-08-08,LNG,530.98,Port of Hong Kong
2026-08-08,Bio-Methanol,495.61,Port of Hong Kong
2026-08-08,Biofuel (B30),769.57,Port of Hong Kong
2026-08-08,Ammonia,728.79,Port of Hong Kong
2026-08-08,Hydrogen,1855.08,Port of Hong Kong
2026-08-08,VLSFO,616.92,Port of Tokyo
2026-08-08,LSMGO,781.54,Port of Tokyo
2026-08-08,LNG,545.98,Port of Tokyo
2026-08-08,Bio-Methanol,518.01,Port of Tokyo
2026-08-08,Biofuel (B30),770.03,Port of Tokyo
2026-08-08,Ammonia,743.22,Port of Tokyo
2026-08-08,Hydrogen,1857.44,Port of Tokyo
2026-08-08,VLSFO,603.44,Port of Yokohama
2026-08-08,LSMGO,799.58,Port of Yokohama
2026-08-08,LNG,553.94,Port of Yokohama
2026-08-08,Bio-Methanol,498.24,Port of Yokohama
2026-08-08,Biofuel (B30),765.77,Port of Yokohama
2026-08-08,Ammonia,734.36,Port of Yokohama
2026-08-08,Hydrogen,1855.32,Port of Yokohama
2026-08-08,VLSFO,628.75,Port of Klang
2026-08-08,LSMGO,786.9,Port of Klang
2026-08-08,LNG,546.45,Port of Klang
2026-08-08,Bio-Methanol,497.28,Port of Klang
2026-08-08,Biofuel (B30),785.72,Port of Klang
2026-08-08,Ammonia,743.82,Port of Klang
2026-08-08,Hydrogen,1838.06,Port of Klang
2026-08-08,VLSFO,623.17,Port of Tanjung Pelepas
2026-08-08,LSMGO,800.51,Port of Tanjung Pelepas
2026-08-08,LNG,543.01,Port of Tanjung Pelepas
2026-08-08,Bio-Methanol,498.63,Port of Tanjung Pelepas
2026-08-08,Biofuel (B30),794.52,Port of Tanjung Pelepas
2026-08-08,Ammonia,748.48,Port of Tanjung Pelepas
2026-08-08,Hydrogen,1845.42,Port of Tanjung Pelepas
2026-08-09,VLSFO,612.85,Port of Singapore
2026-08-09,LSMGO,786.12,Port of Singapore
2026-08-09,LNG,540.18,Port of Singapore
2026-08-09,Bio-Methanol,505.24,Port of Singapore
2026-08-09,Biofuel (B30),790.49,Port of Singapore
2026-08-09,Ammonia,749.67,Port of Singapore
2026-08-09,Hydrogen,1838.17,Port of Singapore
2026-08-09,VLSFO,628.82,Port of Shanghai
2026-08-09,LSMGO,794.07,Port of Shanghai
2026-08-09,LNG,549.86,Port of Shanghai
2026-08-09,Bio-Methanol,516.22,Port of Shanghai
2026-08-09,Biofuel (B30),778.06,Port of Shanghai
2026-08-09,Ammonia,747.01,Port of Shanghai
2026-08-09,Hydrogen,1863.96,Port of Shanghai
2026-08-09,VLSFO,608.1,Port of Ningbo-Zhoushan
2026-08-09,LSMGO,799.25,Port of Ningbo-Zhoushan
2026-08-09,LNG,541.15,Port of Ningbo-Zhoushan
2026-08-09,Bio-Methanol,509.5,Port of Ningbo-Zhoushan
2026-08-09,Biofuel (B30),778.07,Port of Ningbo-Zhoushan
2026-08-09,Ammonia,746.93,Port of Ningbo-Zhoushan
2026-08-09,Hydrogen,1843.05,Port of Ningbo-Zhoushan
2026-08-09,VLSFO,625.55,Port of Shenzhen
2026-08-09,LSMGO,799.92,Port of Shenzhen
2026-08-09,LNG,527.6,Port of Shenzhen
2026-08-09,Bio-Methanol,521.45,Port of Shenzhen
2026-08-09,Biofuel (B30),772.32,Port of Shenzhen
2026-08-09,Ammonia,738.94,Port of Shenzhen
2026-08-09,Hydrogen,1853.31,Port of Shenzhen
2026-08-09,VLSFO,611.37,Port of Busan
2026-08-09,LSMGO,775.86,Port of Busan
2026-08-09,LNG,550.53,Port of Busan
2026-08-09,Bio-Methanol,500.46,Port of Busan
2026-08-09,Biofuel (B30),771.36,Port of Busan
2026-08-09,Ammonia,748.93,Port of Busan
2026-08-09,Hydrogen,1845.21,Port of Busan
2026-08-09,VLSFO,626.41,Port of Hong Kong
2026-08-09,LSMGO,796.04,Port of Hong Kong
2026-08-09,LNG,533.29,Port of Hong Kong
2026-08-09,Bio-Methanol,495.3,Port of Hong Kong
2026-08-09,Biofuel (B30),793.44,Port of Hong Kong
2026-08-09,Ammonia,727.57,Port of Hong Kong
2026-08-09,Hydrogen,1856.6,Port of Hong Kong
2026-08-09,VLSFO,614.66,Port of Tokyo
2026-08-09,LSMGO,797.74,Port of Tokyo
2026-08-09,LNG,545.72,Port of Tokyo
2026-08-09,Bio-Methanol,514.38,Port of Tokyo
2026-08-09,Biofuel (B30),779.72,Port of Tokyo
2026-08-09,Ammonia,748.79,Port of Tokyo
2026-08-09,Hydrogen,1837.79,Port of Tokyo
2026-08-09,VLSFO,606.65,Port of Yokohama
2026-08-09,LSMGO,795.75,Port of Yokohama
2026-08-09,LNG,534.19,Port of Yokohama
2026-08-09,Bio-Methanol,512.45,Port of Yokohama
2026-08-09,Biofuel (B30),779.2,Port of Yokohama
2026-08-09,Ammonia,740.93,Port of Yokohama
2026-08-09,Hydrogen,1847.77,Port of Yokohama
2026-08-09,VLSFO,622.38,Port of Klang
2026-08-09,LSMGO,784.92,Port of Klang
2026-08-09,LNG,546.09,Port of Klang
2026-08-09,Bio-Methanol,503.13,Port of Klang
2026-08-09,Biofuel (B30),772.54,Port of Klang
2026-08-09,Ammonia,728.62,Port of Klang
2026-08-09,Hydrogen,1840.78,Port of Klang
2026-08-09,VLSFO,603.59,Port of Tanjung Pelepas
2026-08-09,LSMGO,791.08,Port of Tanjung Pelepas
2026-08-09,LNG,547.87,Port of Tanjung Pelepas
2026-08-09,Bio-Methanol,500.55,Port of Tanjung Pelepas
2026-08-09,Biofuel (B30),771.49,Port of Tanjung Pelepas
2026-08-09,Ammonia,739.53,Port of Tanjung Pelepas
2026-08-09,Hydrogen,1856.74,Port of Tanjung Pelepas
2026-08-10,VLSFO,629.3,Port of Singapore
2026-08-10,LSMGO,790.74,Port of Singapore
2026-08-10,LNG,533.49,Port of Singapore
2026-08-10,Bio-Methanol,498.02,Port of Singapore
2026-08-10,Biofuel (B30),770.82,Port of Singapore
2026-08-10,Ammonia,731.82,Port of Singapore
2026-08-10,Hydrogen,1840.38,Port of Singapore
2026-08-10,VLSFO,600.42,Port of Shanghai
2026-08-10,LSMGO,791.02,Port of Shanghai
2026-08-10,LNG,533.23,Port of Shanghai
2026-08-10,Bio-Methanol,524.23,Port of Shanghai
2026-08-10,Biofuel (B30),781.6,Port of Shanghai
2026-08-10,Ammonia,745.92,Port of Shanghai
2026-08-10,Hydrogen,1838.79,Port of Shanghai
2026-08-10,VLSFO,626.05,Port of Ningbo-Zhoushan
2026-08-10,LSMGO,789.73,Port of Ningbo-Zhoushan
2026-08-10,LNG,551.18,Port of Ningbo-Zhoushan
2026-08-10,Bio-Methanol,512.22,Port of Ningbo-Zhoushan
2026-08-10,Biofuel (B30),779.08,Port of Ningbo-Zhoushan
2026-08-10,Ammonia,738.21,Port of Ningbo-Zhoushan
2026-08-10,Hydrogen,1840.53,Port of Ningbo-Zhoushan
2026-08-10,VLSFO,601.54,Port of Shenzhen
2026-08-10,LSMGO,803.23,Port of Shenzhen
2026-08-10,LNG,539.33,Port of Shenzhen
2026-08-10,Bio-Methanol,519.66,Port of Shenzhen
2026-08-10,Biofuel (B30),777.02,Port of Shenzhen
2026-08-10,Ammonia,727.22,Port of Shenzhen
2026-08-10,Hydrogen,1853.88,Port of Shenzhen
2026-08-10,VLSFO,601.61,Port of Busan
2026-08-10,LSMGO,779.48,Port of Busan
2026-08-10,LNG,541.89,Port of Busan
2026-08-10,Bio-Methanol,504.12,Port of Busan
2026-08-10,Biofuel (B30),794.82,Port of Busan
2026-08-10,Ammonia,728.55,Port of Busan
2026-08-10,Hydrogen,1857.93,Port of Busan
2026-08-10,VLSFO,618.19,Port of Hong Kong
2026-08-10,LSMGO,798.72,Port of Hong Kong
2026-08-10,LNG,531.77,Port of Hong Kong
2026-08-10,Bio-Methanol,510.68,Port of Hong Kong
2026-08-10,Biofuel (B30),778.52,Port of Hong Kong
2026-08-10,Ammonia,738.28,Port of Hong Kong
2026-08-10,Hydrogen,1860.8,Port of Hong Kong
2026-08-10,VLSFO,629.7,Port of Tokyo
2026-08-10,LSMGO,784.16,Port of Tokyo
2026-08-10,LNG,543.63,Port of Tokyo
2026-08-10,Bio-Methanol,513.29,Port of Tokyo
2026-08-10,Biofuel (B30),787.2,Port of Tokyo
2026-08-10,Ammonia,753.43,Port of Tokyo
2026-08-10,Hydrogen,1841.23,Port of Tokyo
2026-08-10,VLSFO,606.33,Port of Yokohama
2026-08-10,LSMGO,794.81,Port of Yokohama
2026-08-10,LNG,529.71,Port of Yokohama
2026-08-10,Bio-Methanol,500.21,Port of Yokohama
2026-08-10,Biofuel (B30),767.25,Port of Yokohama
2026-08-10,Ammonia,725.08,Port of Yokohama
2026-08-10,Hydrogen,1848.52,Port of Yokohama
2026-08-10,VLSFO,617.81,Port of Klang
2026-08-10,LSMGO,783.74,Port of Klang
2026-08-10,LNG,531.94,Port of Klang
2026-08-10,Bio-Methanol,516.21,Port of Klang
2026-08-10,Biofuel (B30),786.09,Port of Klang
2026-08-10,Ammonia,738.62,Port of Klang
2026-08-10,Hydrogen,1855.62,Port of Klang
2026-08-10,VLSFO,627.72,Port of Tanjung Pelepas
2026-08-10,LSMGO,798.63,Port of Tanjung Pelepas
2026-08-10,LNG,543.75,Port of Tanjung Pelepas
2026-08-10,Bio-Methanol,514.84,Port of Tanjung Pelepas
2026-08-10,Biofuel (B30),793.01,Port of Tanjung Pelepas
2026-08-10,Ammonia,737.75,Port of Tanjung Pelepas
2026-08-10,Hydrogen,1851.34,Port of Tanjung Pelepas
2026-08-11,VLSFO,619.43,Port of Singapore
2026-08-11,LSMGO,802.25,Port of Singapore
2026-08-11,LNG,549.8,Port of Singapore
2026-08-11,Bio-Methanol,497.14,Port of Singapore
2026-08-11,Biofuel (B30),769.98,Port of Singapore
2026-08-11,Ammonia,734.23,Port of Singapore
2026-08-11,Hydrogen,1857.47,Port of Singapore
2026-08-11,VLSFO,617.08,Port of Shanghai
2026-08-11,LSMGO,783.66,Port of Shanghai
2026-08-11,LNG,528.73,Port of Shanghai
2026-08-11,Bio-Methanol,515.66,Port of Shanghai
2026-08-11,Biofuel (B30),785.99,Port of Shanghai
2026-08-11,Ammonia,753.28,Port of Shanghai
2026-08-11,Hydrogen,1850.01,Port of Shanghai
2026-08-11,VLSFO,614.81,Port of Ningbo-Zhoushan
2026-08-11,LSMGO,777.41,Port of Ningbo-Zhoushan
2026-08-11,LNG,526.2,Port of Ningbo-Zhoushan
2026-08-11,Bio-Methanol,507.96,Port of Ningbo-Zhoushan
2026-08-11,Biofuel (B30),774.67,Port of Ningbo-Zhoushan
2026-08-11,Ammonia,732.51,Port of Ningbo-Zhoushan
2026-08-11,Hydrogen,1837.74,Port of Ningbo-Zhoushan
2026-08-11,VLSFO,628.86,Port of Shenzhen
2026-08-11,LSMGO,800.08,Port of Shenzhen
2026-08-11,LNG,542.26,Port of Shenzhen
2026-08-11,Bio-Methanol,523.52,Port of Shenzhen
2026-08-11,Biofuel (B30),794.99,Port of Shenzhen
2026-08-11,Ammonia,745.17,Port of Shenzhen
2026-08-11,Hydrogen,1843.09,Port of Shenzhen
2026-08-11,VLSFO,601.21,Port of Busan
2026-08-11,LSMGO,797.69,Port of Busan
2026-08-11,LNG,539.12,Port of Busan
2026-08-11,Bio-Methanol,514.55,Port of Busan
2026-08-11,Biofuel (B30),792.48,Port of Busan
2026-08-11,Ammonia,730.44,Port of Busan
2026-08-11,Hydrogen,1852.56,Port of Busan
2026-08-11,VLSFO,619.04,Port of Hong Kong
2026-08-11,LSMGO,789.75,Port of Hong Kong
2026-08-11,LNG,527.74,Port of Hong Kong
2026-08-11,Bio-Methanol,505.44,Port of Hong Kong
2026-08-11,Biofuel (B30),775.0,Port of Hong Kong
2026-08-11,Ammonia,745.1,Port of Hong Kong
2026-08-11,Hydrogen,1860.73,Port of Hong Kong
2026-08-11,VLSFO,609.89,Port of Tokyo
2026-08-11,LSMGO,795.81,Port of Tokyo
2026-08-11,LNG,533.65,Port of Tokyo
2026-08-11,Bio-Methanol,523.36,Port of Tokyo
2026-08-11,Biofuel (B30),789.41,Port of Tokyo
2026-08-11,Ammonia,741.5,Port of Tokyo
2026-08-11,Hydrogen,1848.64,Port of Tokyo
2026-08-11,VLSFO,609.44,Port of Yokohama
2026-08-11,LSMGO,784.7,Port of Yokohama
2026-08-11,LNG,554.11,Port of Yokohama
2026-08-11,Bio-Methanol,507.13,Port of Yokohama
2026-08-11,Biofuel (B30),780.44,Port of Yokohama
2026-08-11,Ammonia,754.64,Port of Yokohama
2026-08-11,Hydrogen,1854.73,Port of Yokohama
2026-08-11,VLSFO,616.28,Port of Klang
2026-08-11,LSMGO,787.4,Port of Klang
2026-08-11,LNG,530.63,Port of Klang
2026-08-11,Bio-Methanol,505.85,Port of Klang
2026-08-11,Biofuel (B30),787.69,Port of Klang
2026-08-11,Ammonia,743.76,Port of Klang
2026-08-11,Hydrogen,1857.8,Port of Klang
2026-08-11,VLSFO,606.11,Port of Tanjung Pelepas
2026-08-11,LSMGO,791.48,Port of Tanjung Pelepas
2026-08-11,LNG,552.83,Port of Tanjung Pelepas
2026-08-11,Bio-Methanol,508.14,Port of Tanjung Pelepas
2026-08-11,Biofuel (B30),785.95,Port of Tanjung Pelepas
2026-08-11,Ammonia,728.64,Port of Tanjung Pelepas
2026-08-11,Hydrogen,1864.19,Port of Tanjung Pelepas
2026-08-12,VLSFO,618.27,Port of Singapore
2026-08-12,LSMGO,782.18,Port of Singapore
2026-08-12,LNG,529.75,Port of Singapore
2026-08-12,Bio-Methanol,511.53,Port of Singapore
2026-08-12,Biofuel (B30),781.57,Port of Singapore
2026-08-12,Ammonia,727.8,Port of Singapore
2026-08-12,Hydrogen,1864.77,Port of Singapore
2026-08-12,VLSFO,627.39,Port of Shanghai
2026-08-12,LSMGO,788.84,Port of Shanghai
2026-08-12,LNG,528.52,Port of Shanghai
2026-08-12,Bio-Methanol,519.96,Port of Shanghai
2026-08-12,Biofuel (B30),779.95,Port of Shanghai
2026-08-12,Ammonia,746.5,Port of Shanghai
2026-08-12,Hydrogen,1850.27,Port of Shanghai
2026-08-12,VLSFO,608.2,Port of Ningbo-Zhoushan
2026-08-12,LSMGO,800.04,Port of Ningbo-Zhoushan
2026-08-12,LNG,554.41,Port of Ningbo-Zhoushan
2026-08-12,Bio-Methanol,502.31,Port of Ningbo-Zhoushan
2026-08-12,Biofuel (B30),781.54,Port of Ningbo-Zhoushan
2026-08-12,Ammonia,736.51,Port of Ningbo-Zhoushan
2026-08-12,Hydrogen,1862.66,Port of Ningbo-Zhoushan
2026-08-12,VLSFO,615.25,Port of Shenzhen
2026-08-12,LSMGO,801.38,Port of Shenzhen
2026-08-12,LNG,550.92,Port of Shenzhen
2026-08-12,Bio-Methanol,503.29,Port of Shenzhen
2026-08-12,Biofuel (B30),788.7,Port of Shenzhen
2026-08-12,Ammonia,737.45,Port of Shenzhen
2026-08-12,Hydrogen,1863.03,Port of Shenzhen
2026-08-12,VLSFO,615.23,Port of Busan
2026-08-12,LSMGO,799.62,Port of Busan
2026-08-12,LNG,533.49,Port of Busan
2026-08-12,Bio-Methanol,503.96,Port of Busan
2026-08-12,Biofuel (B30),782.61,Port of Busan
2026-08-12,Ammonia,754.97,Port of Busan
2026-08-12,Hydrogen,1849.69,Port of Busan
2026-08-12,VLSFO,604.46,Port of Hong Kong
2026-08-12,LSMGO,791.16,Port of Hong Kong
2026-08-12,LNG,535.35,Port of Hong Kong
2026-08-12,Bio-Methanol,511.56,Port of Hong Kong
2026-08-12,Biofuel (B30),781.3,Port of Hong Kong
2026-08-12,Ammonia,738.66,Port of Hong Kong
2026-08-12,Hydrogen,1844.65,Port of Hong Kong
2026-08-12,VLSFO,605.66,Port of Tokyo
2026-08-12,LSMGO,795.92,Port of Tokyo
2026-08-12,LNG,542.15,Port of Tokyo
2026-08-12,Bio-Methanol,502.01,Port of Tokyo
2026-08-12,Biofuel (B30),788.27,Port of Tokyo
2026-08-12,Ammonia,726.31,Port of Tokyo
2026-08-12,Hydrogen,1857.34,Port of Tokyo
2026-08-12,VLSFO,621.16,Port of Yokohama
2026-08-12,LSMGO,799.34,Port of Yokohama
2026-08-12,LNG,536.58,Port of Yokohama
2026-08-12,Bio-Methanol,514.91,Port of Yokohama
2026-08-12,Biofuel (B30),789.62,Port of Yokohama
2026-08-12,Ammonia,754.42,Port of Yokohama
2026-08-12,Hydrogen,1849.86,Port of Yokohama
2026-08-12,VLSFO,601.11,Port of Klang
2026-08-12,LSMGO,790.07,Port of Klang
2026-08-12,LNG,542.71,Port of Klang
2026-08-12,Bio-Methanol,521.09,Port of Klang
2026-08-12,Biofuel (B30),791.23,Port of Klang
2026-08-12,Ammonia,738.21,Port of Klang
2026-08-12,Hydrogen,1850.78,Port of Klang
2026-08-12,VLSFO,613.71,Port of Tanjung Pelepas
2026-08-12,LSMGO,796.67,Port of Tanjung Pelepas
2026-08-12,LNG,537.3,Port of Tanjung Pelepas
2026-08-12,Bio-Methanol,514.64,Port of Tanjung Pelepas
2026-08-12,Biofuel (B30),769.63,Port of Tanjung Pelepas
2026-08-12,Ammonia,739.08,Port of Tanjung Pelepas
2026-08-12,Hydrogen,1864.08,Port of Tanjung Pelepas
2026-08-13,VLSFO,610.16,Port of Singapore
2026-08-13,LSMGO,795.78,Port of Singapore
2026-08-13,LNG,544.5,Port of Singapore
2026-08-13,Bio-Methanol,520.55,Port of Singapore
2026-08-13,Biofuel (B30),790.57,Port of Singapore
2026-08-13,Ammonia,750.78,Port of Singapore
2026-08-13,Hydrogen,1846.4,Port of Singapore
2026-08-13,VLSFO,609.5,Port of Shanghai
2026-08-13,LSMGO,796.56,Port of Shanghai
2026-08-13,LNG,547.78,Port of Shanghai
2026-08-13,Bio-Methanol,521.17,Port of Shanghai
2026-08-13,Biofuel (B30),766.08,Port of Shanghai
2026-08-13,Ammonia,727.05,Port of Shanghai
2026-08-13,Hydrogen,1853.93,Port of Shanghai
2026-08-13,VLSFO,627.63,Port of Ningbo-Zhoushan
2026-08-13,LSMGO,804.92,Port of Ningbo-Zhoushan
2026-08-13,LNG,547.4,Port of Ningbo-Zhoushan
2026-08-13,Bio-Methanol,508.02,Port of Ningbo-Zhoushan
2026-08-13,Biofuel (B30),767.95,Port of Ningbo-Zhoushan
2026-08-13,Ammonia,744.01,Port of Ningbo-Zhoushan
2026-08-13,Hydrogen,1861.18,Port of Ningbo-Zhoushan
2026-08-13,VLSFO,613.31,Port of Shenzhen
2026-08-13,LSMGO,795.82,Port of Shenzhen
2026-08-13,LNG,552.1,Port of Shenzhen
2026-08-13,Bio-Methanol,496.38,Port of Shenzhen
2026-08-13,Biofuel (B30),788.88,Port of Shenzhen
2026-08-13,Ammonia,733.8,Port of Shenzhen
2026-08-13,Hydrogen,1846.25,Port of Shenzhen
2026-08-13,VLSFO,604.37,Port of Busan
2026-08-13,LSMGO,790.93,Port of Busan
2026-08-13,LNG,541.98,Port of Busan
2026-08-13,Bio-Methanol,518.78,Port of Busan
2026-08-13,Biofuel (B30),770.1,Port of Busan
2026-08-13,Ammonia,727.37,Port of Busan
2026-08-13,Hydrogen,1861.13,Port of Busan
2026-08-13,VLSFO,618.59,Port of Hong Kong
2026-08-13,LSMGO,782.22,Port of Hong Kong
2026-08-13,LNG,552.38,Port of Hong Kong
2026-08-13,Bio-Methanol,499.29,Port of Hong Kong
2026-08-13,Biofuel (B30),778.83,Port of Hong Kong
2026-08-13,Ammonia,732.62,Port of Hong Kong
2026-08-13,Hydrogen,1842.66,Port of Hong Kong
2026-08-13,VLSFO,600.28,Port of Tokyo
2026-08-13,LSMGO,799.14,Port of Tokyo
2026-08-13,LNG,552.04,Port of Tokyo
2026-08-13,Bio-Methanol,515.33,Port of Tokyo
2026-08-13,Biofuel (B30),769.74,Port of Tokyo
2026-08-13,Ammonia,738.25,Port of Tokyo
2026-08-13,Hydrogen,1845.37,Port of Tokyo
2026-08-13,VLSFO,617.63,Port of Yokohama
2026-08-13,LSMGO,794.17,Port of Yokohama
2026-08-13,LNG,537.73,Port of Yokohama
2026-08-13,Bio-Methanol,502.5,Port of Yokohama
2026-08-13,Biofuel (B30),790.36,Port of Yokohama
2026-08-13,Ammonia,730.98,Port of Yokohama
2026-08-13,Hydrogen,1846.54,Port of Yokohama
2026-08-13,VLSFO,614.5,Port of Klang
2026-08-13,LSMGO,782.12,Port of Klang
2026-08-13,LNG,542.16,Port of Klang
2026-08-13,Bio-Methanol,512.24,Port of Klang
2026-08-13,Biofuel (B30),794.78,Port of Klang
2026-08-13,Ammonia,733.86,Port of Klang
2026-08-13,Hydrogen,1864.34,Port of Klang
2026-08-13,VLSFO,619.75,Port of Tanjung Pelepas
2026-08-13,LSMGO,783.23,Port of Tanjung Pelepas
2026-08-13,LNG,541.98,Port of Tanjung Pelepas
2026-08-13,Bio-Methanol,515.57,Port of Tanjung Pelepas
2026-08-13,Biofuel (B30),787.34,Port of Tanjung Pelepas
2026-08-13,Ammonia,726.47,Port of Tanjung Pelepas
2026-08-13,Hydrogen,1853.19,Port of Tanjung Pelepas
2026-08-14,VLSFO,614.9,Port of Singapore
2026-08-14,LSMGO,802.12,Port of Singapore
2026-08-14,LNG,533.59,Port of Singapore
2026-08-14,Bio-Methanol,518.97,Port of Singapore
2026-08-14,Biofuel (B30),783.21,Port of Singapore
2026-08-14,Ammonia,735.57,Port of Singapore
2026-08-14,Hydrogen,1854.1,Port of Singapore
2026-08-14,VLSFO,618.63,Port of Shanghai
2026-08-14,LSMGO,795.33,Port of Shanghai
2026-08-14,LNG,546.63,Port of Shanghai
2026-08-14,Bio-Methanol,514.78,Port of Shanghai
2026-08-14,Biofuel (B30),790.15,Port of Shanghai
2026-08-14,Ammonia,743.85,Port of Shanghai
2026-08-14,Hydrogen,1862.1,Port of Shanghai
2026-08-14,VLSFO,619.39,Port of Ningbo-Zhoushan
2026-08-14,LSMGO,784.27,Port of Ningbo-Zhoushan
2026-08-14,LNG,538.22,Port of Ningbo-Zhoushan
2026-08-14,Bio-Methanol,512.39,Port of Ningbo-Zhoushan
2026-08-14,Biofuel (B30),786.97,Port of Ningbo-Zhoushan
2026-08-14,Ammonia,727.7,Port of Ningbo-Zhoushan
2026-08-14,Hydrogen,1843.85,Port of Ningbo-Zhoushan
2026-08-14,VLSFO,622.42,Port of Shenzhen
2026-08-14,LSMGO,780.27,Port of Shenzhen
2026-08-14,LNG,528.96,Port of Shenzhen
2026-08-14,Bio-Methanol,511.18,Port of Shenzhen
2026-08-14,Biofuel (B30),794.14,Port of Shenzhen
2026-08-14,Ammonia,740.93,Port of Shenzhen
2026-08-14,Hydrogen,1862.4,Port of Shenzhen
2026-08-14,VLSFO,624.91,Port of Busan
2026-08-14,LSMGO,782.71,Port of Busan
2026-08-14,LNG,549.74,Port of Busan
2026-08-14,Bio-Methanol,509.46,Port of Busan
2026-08-14,Biofuel (B30),789.19,Port of Busan
2026-08-14,Ammonia,747.4,Port of Busan
2026-08-14,Hydrogen,1845.16,Port of Busan
2026-08-14,VLSFO,603.46,Port of Hong Kong
2026-08-14,LSMGO,803.89,Port of Hong Kong
2026-08-14,LNG,529.22,Port of Hong Kong
2026-08-14,Bio-Methanol,524.0,Port of Hong Kong
2026-08-14,Biofuel (B30),790.8,Port of Hong Kong
2026-08-14,Ammonia,746.73,Port of Hong Kong
2026-08-14,Hydrogen,1864.4,Port of Hong Kong
2026-08-14,VLSFO,629.02,Port of Tokyo
2026-08-14,LSMGO,799.14,Port of Tokyo
2026-08-14,LNG,535.97,Port of Tokyo
2026-08-14,Bio-Methanol,518.72,Port of Tokyo
2026-08-14,Biofuel (B30),765.42,Port of Tokyo
2026-08-14,Ammonia,741.1,Port of Tokyo
2026-08-14,Hydrogen,1848.64,Port of Tokyo
2026-08-14,VLSFO,620.18,Port of Yokohama
2026-08-14,LSMGO,795.17,Port of Yokohama
2026-08-14,LNG,542.54,Port of Yokohama
2026-08-14,Bio-Methanol,519.67,Port of Yokohama
2026-08-14,Biofuel (B30),793.21,Port of Yokohama
2026-08-14,Ammonia,728.25,Port of Yokohama
2026-08-14,Hydrogen,1842.01,Port of Yokohama
2026-08-14,VLSFO,600.75,Port of Klang
2026-08-14,LSMGO,801.53,Port of Klang
2026-08-14,LNG,541.84,Port of Klang
2026-08-14,Bio-Methanol,522.46,Port of Klang
2026-08-14,Biofuel (B30),771.64,Port of Klang
2026-08-14,Ammonia,726.9,Port of Klang
2026-08-14,Hydrogen,1859.72,Port of Klang
2026-08-14,VLSFO,627.28,Port of Tanjung Pelepas
2026-08-14,LSMGO,784.07,Port of Tanjung Pelepas
2026-08-14,LNG,537.25,Port of Tanjung Pelepas
2026-08-14,Bio-Methanol,499.19,Port of Tanjung Pelepas
2026-08-14,Biofuel (B30),793.39,Port of Tanjung Pelepas
2026-08-14,Ammonia,734.13,Port of Tanjung Pelepas
2026-08-14,Hydrogen,1849.78,Port of Tanjung Pelepas
2026-08-15,VLSFO,602.92,Port of Singapore
2026-08-15,LSMGO,801.62,Port of Singapore
2026-08-15,LNG,529.07,Port of Singapore
2026-08-15,Bio-Methanol,508.61,Port of Singapore
2026-08-15,Biofuel (B30),785.11,Port of Singapore
2026-08-15,Ammonia,747.29,Port of Singapore
2026-08-15,Hydrogen,1863.38,Port of Singapore
2026-08-15,VLSFO,612.57,Port of Shanghai
2026-08-15,LSMGO,797.27,Port of Shanghai
2026-08-15,LNG,529.64,Port of Shanghai
2026-08-15,Bio-Methanol,507.45,Port of Shanghai
2026-08-15,Biofuel (B30),767.97,Port of Shanghai
2026-08-15,Ammonia,739.68,Port of Shanghai
2026-08-15,Hydrogen,1847.24,Port of Shanghai
2026-08-15,VLSFO,628.55,Port of Ningbo-Zhoushan
2026-08-15,LSMGO,775.98,Port of Ningbo-Zhoushan
2026-08-15,LNG,536.12,Port of Ningbo-Zhoushan
2026-08-15,Bio-Methanol,508.3,Port of Ningbo-Zhoushan
2026-08-15,Biofuel (B30),793.52,Port of Ningbo-Zhoushan
2026-08-15,Ammonia,750.66,Port of Ningbo-Zhoushan
2026-08-15,Hydrogen,1837.98,Port of Ningbo-Zhoushan
2026-08-15,VLSFO,620.57,Port of Shenzhen
2026-08-15,LSMGO,791.33,Port of Shenzhen
2026-08-15,LNG,554.34,Port of Shenzhen
2026-08-15,Bio-Methanol,505.76,Port of Shenzhen
2026-08-15,Biofuel (B30),776.94,Port of Shenzhen
2026-08-15,Ammonia,730.69,Port of Shenzhen
2026-08-15,Hydrogen,1838.66,Port of Shenzhen
2026-08-15,VLSFO,625.44,Port of Busan
2026-08-15,LSMGO,788.64,Port of Busan
2026-08-15,LNG,544.88,Port of Busan
2026-08-15,Bio-Methanol,514.25,Port of Busan
2026-08-15,Biofuel (B30),782.91,Port of Busan
2026-08-15,Ammonia,725.64,Port of Busan
2026-08-15,Hydrogen,1858.6,Port of Busan
2026-08-15,VLSFO,607.31,Port of Hong Kong
2026-08-15,LSMGO,778.78,Port of Hong Kong
2026-08-15,LNG,541.94,Port of Hong Kong
2026-08-15,Bio-Methanol,497.06,Port of Hong Kong
2026-08-15,Biofuel (B30),787.95,Port of Hong Kong
2026-08-15,Ammonia,731.21,Port of Hong Kong
2026-08-15,Hydrogen,1841.48,Port of Hong Kong
2026-08-15,VLSFO,626.09,Port of Tokyo
2026-08-15,LSMGO,784.86,Port of Tokyo
2026-08-15,LNG,529.43,Port of Tokyo
2026-08-15,Bio-Methanol,522.02,Port of Tokyo
2026-08-15,Biofuel (B30),765.09,Port of Tokyo
2026-08-15,Ammonia,750.75,Port of Tokyo
2026-08-15,Hydrogen,1839.34,Port of Tokyo
2026-08-15,VLSFO,603.9,Port of Yokohama
2026-08-15,LSMGO,782.52,Port of Yokohama
2026-08-15,LNG,530.23,Port of Yokohama
2026-08-15,Bio-Methanol,514.83,Port of Yokohama
2026-08-15,Biofuel (B30),765.77,Port of Yokohama
2026-08-15,Ammonia,725.45,Port of Yokohama
2026-08-15,Hydrogen,1858.7,Port of Yokohama
2026-08-15,VLSFO,607.14,Port of Klang
2026-08-15,LSMGO,784.71,Port of Klang
2026-08-15,LNG,530.23,Port of Klang
2026-08-15,Bio-Methanol,496.57,Port of Klang
2026-08-15,Biofuel (B30),787.25,Port of Klang
2026-08-15,Ammonia,740.78,Port of Klang
2026-08-15,Hydrogen,1857.37,Port of Klang
2026-08-15,VLSFO,614.29,Port of Tanjung Pelepas
2026-08-15,LSMGO,798.34,Port of Tanjung Pelepas
2026-08-15,LNG,540.4,Port of Tanjung Pelepas
2026-08-15,Bio-Methanol,498.27,Port of Tanjung Pelepas
2026-08-15,Biofuel (B30),780.12,Port of Tanjung Pelepas
2026-08-15,Ammonia,753.36,Port of Tanjung Pelepas
2026-08-15,Hydrogen,1836.3,Port of Tanjung Pelepas
2026-08-16,VLSFO,623.5,Port of Singapore
2026-08-16,LSMGO,801.01,Port of Singapore
2026-08-16,LNG,540.64,Port of Singapore
2026-08-16,Bio-Methanol,508.74,Port of Singapore
2026-08-16,Biofuel (B30),793.92,Port of Singapore
2026-08-16,Ammonia,726.82,Port of Singapore
2026-08-16,Hydrogen,1849.37,Port of Singapore
2026-08-16,VLSFO,612.05,Port of Shanghai
2026-08-16,LSMGO,795.58,Port of Shanghai
2026-08-16,LNG,539.71,Port of Shanghai
2026-08-16,Bio-Methanol,522.29,Port of Shanghai
2026-08-16,Biofuel (B30),767.2,Port of Shanghai
2026-08-16,Ammonia,727.42,Port of Shanghai
2026-08-16,Hydrogen,1853.25,Port of Shanghai
2026-08-16,VLSFO,601.97,Port of Ningbo-Zhoushan
2026-08-16,LSMGO,783.25,Port of Ningbo-Zhoushan
2026-08-16,LNG,543.99,Port of Ningbo-Zhoushan
2026-08-16,Bio-Methanol,511.45,Port of Ningbo-Zhoushan
2026-08-16,Biofuel (B30),774.76,Port of Ningbo-Zhoushan
2026-08-16,Ammonia,754.84,Port of Ningbo-Zhoushan
2026-08-16,Hydrogen,1850.92,Port of Ningbo-Zhoushan
2026-08-16,VLSFO,613.61,Port of Shenzhen
2026-08-16,LSMGO,793.16,Port of Shenzhen
2026-08-16,LNG,527.98,Port of Shenzhen
2026-08-16,Bio-Methanol,516.05,Port of Shenzhen
2026-08-16,Biofuel (B30),790.58,Port of Shenzhen
2026-08-16,Ammonia,744.53,Port of Shenzhen
2026-08-16,Hydrogen,1858.07,Port of Shenzhen
2026-08-16,VLSFO,621.63,Port of Busan
2026-08-16,LSMGO,781.45,Port of Busan
2026-08-16,LNG,538.55,Port of Busan
2026-08-16,Bio-Methanol,501.85,Port of Busan
2026-08-16,Biofuel (B30),775.17,Port of Busan
2026-08-16,Ammonia,738.6,Port of Busan
2026-08-16,Hydrogen,1847.48,Port of Busan
2026-08-16,VLSFO,602.85,Port of Hong Kong
2026-08-16,LSMGO,787.8,Port of Hong Kong
2026-08-16,LNG,544.95,Port of Hong Kong
2026-08-16,Bio-Methanol,506.23,Port of Hong Kong
2026-08-16,Biofuel (B30),769.58,Port of Hong Kong
2026-08-16,Ammonia,752.69,Port of Hong Kong
2026-08-16,Hydrogen,1837.01,Port of Hong Kong
2026-08-16,VLSFO,624.95,Port of Tokyo
2026-08-16,LSMGO,777.8,Port of Tokyo
2026-08-16,LNG,527.9,Port of Tokyo
2026-08-16,Bio-Methanol,517.16,Port of Tokyo
2026-08-16,Biofuel (B30),789.35,Port of Tokyo
2026-08-16,Ammonia,741.69,Port of Tokyo
2026-08-16,Hydrogen,1852.59,Port of Tokyo
2026-08-16,VLSFO,616.85,Port of Yokohama
2026-08-16,LSMGO,784.89,Port of Yokohama
2026-08-16,LNG,528.67,Port of Yokohama
2026-08-16,Bio-Methanol,505.61,Port of Yokohama
2026-08-16,Biofuel (B30),784.96,Port of Yokohama
2026-08-16,Ammonia,747.51,Port of Yokohama
2026-08-16,Hydrogen,1861.04,Port of Yokohama
2026-08-16,VLSFO,621.63,Port of Klang
2026-08-16,LSMGO,804.05,Port of Klang
2026-08-16,LNG,543.01,Port of Klang
2026-08-16,Bio-Methanol,505.55,Port of Klang
2026-08-16,Biofuel (B30),782.34,Port of Klang
2026-08-16,Ammonia,731.38,Port of Klang
2026-08-16,Hydrogen,1854.7,Port of Klang
2026-08-16,VLSFO,606.73,Port of Tanjung Pelepas
2026-08-16,LSMGO,778.25,Port of Tanjung Pelepas
2026-08-16,LNG,550.36,Port of Tanjung Pelepas
2026-08-16,Bio-Methanol,506.03,Port of Tanjung Pelepas
2026-08-16,Biofuel (B30),787.88,Port of Tanjung Pelepas
2026-08-16,Ammonia,742.22,Port of Tanjung Pelepas
2026-08-16,Hydrogen,1859.22,Port of Tanjung Pelepas
2026-08-17,VLSFO,625.35,Port of Singapore
2026-08-17,LSMGO,804.24,Port of Singapore
2026-08-17,LNG,549.55,Port of Singapore
2026-08-17,Bio-Methanol,513.41,Port of Singapore
2026-08-17,Biofuel (B30),784.28,Port of Singapore
2026-08-17,Ammonia,725.79,Port of Singapore
2026-08-17,Hydrogen,1862.87,Port of Singapore
2026-08-17,VLSFO,624.88,Port of Shanghai
2026-08-17,LSMGO,783.02,Port of Shanghai
2026-08-17,LNG,530.41,Port of Shanghai
2026-08-17,Bio-Methanol,516.08,Port of Shanghai
2026-08-17,Biofuel (B30),774.27,Port of Shanghai
2026-08-17,Ammonia,735.19,Port of Shanghai
2026-08-17,Hydrogen,1835.18,Port of Shanghai
2026-08-17,VLSFO,626.1,Port of Ningbo-Zhoushan
2026-08-17,LSMGO,791.99,Port of Ningbo-Zhoushan
2026-08-17,LNG,537.02,Port of Ningbo-Zhoushan
2026-08-17,Bio-Methanol,499.26,Port of Ningbo-Zhoushan
2026-08-17,Biofuel (B30),784.0,Port of Ningbo-Zhoushan
2026-08-17,Ammonia,725.92,Port of Ningbo-Zhoushan
2026-08-17,Hydrogen,1857.38,Port of Ningbo-Zhoushan
2026-08-17,VLSFO,606.45,Port of Shenzhen
2026-08-17,LSMGO,787.59,Port of Shenzhen
2026-08-17,LNG,535.23,Port of Shenzhen
2026-08-17,Bio-Methanol,506.1,Port of Shenzhen
2026-08-17,Biofuel (B30),786.65,Port of Shenzhen
2026-08-17,Ammonia,748.31,Port of Shenzhen
2026-08-17,Hydrogen,1852.03,Port of Shenzhen
2026-08-17,VLSFO,602.55,Port of Busan
2026-08-17,LSMGO,776.58,Port of Busan
2026-08-17,LNG,529.72,Port of Busan
2026-08-17,Bio-Methanol,513.54,Port of Busan
2026-08-17,Biofuel (B30),785.22,Port of Busan
2026-08-17,Ammonia,733.16,Port of Busan
2026-08-17,Hydrogen,1854.86,Port of Busan
2026-08-17,VLSFO,614.57,Port of Hong Kong
2026-08-17,LSMGO,788.26,Port of Hong Kong
2026-08-17,LNG,533.2,Port of Hong Kong
2026-08-17,Bio-Methanol,517.65,Port of Hong Kong
2026-08-17,Biofuel (B30),768.41,Port of Hong Kong
2026-08-17,Ammonia,737.9,Port of Hong Kong
2026-08-17,Hydrogen,1843.5,Port of Hong Kong
2026-08-17,VLSFO,620.35,Port of Tokyo
2026-08-17,LSMGO,789.6,Port of Tokyo
2026-08-17,LNG,545.01,Port of Tokyo
2026-08-17,Bio-Methanol,496.36,Port of Tokyo
2026-08-17,Biofuel (B30),776.86,Port of Tokyo
2026-08-17,Ammonia,742.98,Port of Tokyo
2026-08-17,Hydrogen,1835.23,Port of Tokyo
2026-08-17,VLSFO,609.04,Port of Yokohama
2026-08-17,LSMGO,781.34,Port of Yokohama
2026-08-17,LNG,529.12,Port of Yokohama
2026-08-17,Bio-Methanol,502.67,Port of Yokohama
2026-08-17,Biofuel (B30),774.84,Port of Yokohama
2026-08-17,Ammonia,725.23,Port of Yokohama
2026-08-17,Hydrogen,1857.41,Port of Yokohama
2026-08-17,VLSFO,605.27,Port of Klang
2026-08-17,LSMGO,786.41,Port of Klang
2026-08-17,LNG,546.11,Port of Klang
2026-08-17,Bio-Methanol,510.01,Port of Klang
2026-08-17,Biofuel (B30),790.0,Port of Klang
2026-08-17,Ammonia,749.19,Port of Klang
2026-08-17,Hydrogen,1837.16,Port of Klang
2026-08-17,VLSFO,625.85,Port of Tanjung Pelepas
2026-08-17,LSMGO,776.27,Port of Tanjung Pelepas
2026-08-17,LNG,525.56,Port of Tanjung Pelepas
2026-08-17,Bio-Methanol,522.63,Port of Tanjung Pelepas
2026-08-17,Biofuel (B30),790.86,Port of Tanjung Pelepas
2026-08-17,Ammonia,742.27,Port of Tanjung Pelepas
2026-08-17,Hydrogen,1852.2,Port of Tanjung Pelepas
2026-08-18,VLSFO,621.28,Port of Singapore
2026-08-18,LSMGO,787.53,Port of Singapore
2026-08-18,LNG,528.46,Port of Singapore
2026-08-18,Bio-Methanol,495.63,Port of Singapore
2026-08-18,Biofuel (B30),774.74,Port of Singapore
2026-08-18,Ammonia,749.04,Port of Singapore
2026-08-18,Hydrogen,1853.54,Port of Singapore
2026-08-18,VLSFO,624.96,Port of Shanghai
2026-08-18,LSMGO,802.59,Port of Shanghai
2026-08-18,LNG,527.64,Port of Shanghai
2026-08-18,Bio-Methanol,520.33,Port of Shanghai
2026-08-18,Biofuel (B30),772.3,Port of Shanghai
2026-08-18,Ammonia,742.67,Port of Shanghai
2026-08-18,Hydrogen,1850.72,Port of Shanghai
2026-08-18,VLSFO,611.87,Port of Ningbo-Zhoushan
2026-08-18,LSMGO,784.31,Port of Ningbo-Zhoushan
2026-08-18,LNG,535.19,Port of Ningbo-Zhoushan
2026-08-18,Bio-Methanol,504.99,Port of Ningbo-Zhoushan
2026-08-18,Biofuel (B30),770.04,Port of Ningbo-Zhoushan
2026-08-18,Ammonia,740.31,Port of Ningbo-Zhoushan
2026-08-18,Hydrogen,1838.42,Port of Ningbo-Zhoushan
2026-08-18,VLSFO,615.3,Port of Shenzhen
2026-08-18,LSMGO,802.18,Port of Shenzhen
2026-08-18,LNG,535.48,Port of Shenzhen
2026-08-18,Bio-Methanol,516.82,Port of Shenzhen
2026-08-18,Biofuel (B30),789.57,Port of Shenzhen
2026-08-18,Ammonia,749.45,Port of Shenzhen
2026-08-18,Hydrogen,1842.09,Port of Shenzhen
2026-08-18,VLSFO,604.39,Port of Busan
2026-08-18,LSMGO,780.92,Port of Busan
2026-08-18,LNG,543.07,Port of Busan
2026-08-18,Bio-Methanol,517.81,Port of Busan
2026-08-18,Biofuel (B30),784.67,Port of Busan
2026-08-18,Ammonia,730.31,Port of Busan
2026-08-18,Hydrogen,1858.19,Port of Busan
2026-08-18,VLSFO,614.82,Port of Hong Kong
2026-08-18,LSMGO,797.63,Port of Hong Kong
2026-08-18,LNG,547.8,Port of Hong Kong
2026-08-18,Bio-Methanol,508.47,Port of Hong Kong
2026-08-18,Biofuel (B30),792.72,Port of Hong Kong
2026-08-18,Ammonia,741.93,Port of Hong Kong
2026-08-18,Hydrogen,1854.06,Port of Hong Kong
2026-08-18,VLSFO,618.74,Port of Tokyo
2026-08-18,LSMGO,800.93,Port of Tokyo
2026-08-18,LNG,543.82,Port of Tokyo
2026-08-18,Bio-Methanol,499.53,Port of Tokyo
2026-08-18,Biofuel (B30),767.05,Port of Tokyo
2026-08-18,Ammonia,738.27,Port of Tokyo
2026-08-18,Hydrogen,1844.08,Port of Tokyo
2026-08-18,VLSFO,608.24,Port of Yokohama
2026-08-18,LSMGO,776.69,Port of Yokohama
2026-08-18,LNG,540.22,Port of Yokohama
2026-08-18,Bio-Methanol,504.31,Port of Yokohama
2026-08-18,Biofuel (B30),778.56,Port of Yokohama
2026-08-18,Ammonia,726.71,Port of Yokohama
2026-08-18,Hydrogen,1859.95,Port of Yokohama
2026-08-18,VLSFO,602.3,Port of Klang
2026-08-18,LSMGO,800.93,Port of Klang
2026-08-18,LNG,550.66,Port of Klang
2026-08-18,Bio-Methanol,513.45,Port of Klang
2026-08-18,Biofuel (B30),780.21,Port of Klang
2026-08-18,Ammonia,738.88,Port of Klang
2026-08-18,Hydrogen,1851.63,Port of Klang
2026-08-18,VLSFO,623.75,Port of Tanjung Pelepas
2026-08-18,LSMGO,801.88,Port of Tanjung Pelepas
2026-08-18,LNG,538.49,Port of Tanjung Pelepas
2026-08-18,Bio-Methanol,519.29,Port of Tanjung Pelepas
2026-08-18,Biofuel (B30),784.56,Port of Tanjung Pelepas
2026-08-18,Ammonia,734.65,Port of Tanjung Pelepas
2026-08-18,Hydrogen,1849.27,Port of Tanjung Pelepas
2026-08-19,VLSFO,604.53,Port of Singapore
2026-08-19,LSMGO,776.86,Port of Singapore
2026-08-19,LNG,528.11,Port of Singapore
2026-08-19,Bio-Methanol,521.97,Port of Singapore
2026-08-19,Biofuel (B30),775.3,Port of Singapore
2026-08-19,Ammonia,746.43,Port of Singapore
2026-08-19,Hydrogen,1850.14,Port of Singapore
2026-08-19,VLSFO,605.18,Port of Shanghai
2026-08-19,LSMGO,782.43,Port of Shanghai
2026-08-19,LNG,538.13,Port of Shanghai
2026-08-19,Bio-Methanol,508.18,Port of Shanghai
2026-08-19,Biofuel (B30),780.68,Port of Shanghai
2026-08-19,Ammonia,729.76,Port of Shanghai
2026-08-19,Hydrogen,1846.19,Port of Shanghai
2026-08-19,VLSFO,608.49,Port of Ningbo-Zhoushan
2026-08-19,LSMGO,787.26,Port of Ningbo-Zhoushan
2026-08-19,LNG,535.15,Port of Ningbo-Zhoushan
2026-08-19,Bio-Methanol,512.94,Port of Ningbo-Zhoushan
2026-08-19,Biofuel (B30),788.68,Port of Ningbo-Zhoushan
2026-08-19,Ammonia,744.42,Port of Ningbo-Zhoushan
2026-08-19,Hydrogen,1836.98,Port of Ningbo-Zhoushan
2026-08-19,VLSFO,602.84,Port of Shenzhen
2026-08-19,LSMGO,795.35,Port of Shenzhen
2026-08-19,LNG,533.52,Port of Shenzhen
2026-08-19,Bio-Methanol,516.71,Port of Shenzhen
2026-08-19,Biofuel (B30),784.7,Port of Shenzhen
2026-08-19,Ammonia,752.19,Port of Shenzhen
2026-08-19,Hydrogen,1861.2,Port of Shenzhen
2026-08-19,VLSFO,610.0,Port of Busan
2026-08-19,LSMGO,792.48,Port of Busan
2026-08-19,LNG,529.24,Port of Busan
2026-08-19,Bio-Methanol,505.49,Port of Busan
2026-08-19,Biofuel (B30),794.03,Port of Busan
2026-08-19,Ammonia,745.95,Port of Busan
2026-08-19,Hydrogen,1846.76,Port of Busan
2026-08-19,VLSFO,617.85,Port of Hong Kong
2026-08-19,LSMGO,803.14,Port of Hong Kong
2026-08-19,LNG,534.29,Port of Hong Kong
2026-08-19,Bio-Methanol,506.3,Port of Hong Kong
2026-08-19,Biofuel (B30),788.75,Port of Hong Kong
2026-08-19,Ammonia,749.4,Port of Hong Kong
2026-08-19,Hydrogen,1855.1,Port of Hong Kong
2026-08-19,VLSFO,624.87,Port of Tokyo
2026-08-19,LSMGO,797.16,Port of Tokyo
2026-08-19,LNG,545.56,Port of Tokyo
2026-08-19,Bio-Methanol,510.79,Port of Tokyo
2026-08-19,Biofuel (B30),784.38,Port of Tokyo
2026-08-19,Ammonia,737.7,Port of Tokyo
2026-08-19,Hydrogen,1845.85,Port of Tokyo
2026-08-19,VLSFO,610.88,Port of Yokohama
2026-08-19,LSMGO,780.41,Port of Yokohama
2026-08-19,LNG,531.43,Port of Yokohama
2026-08-19,Bio-Methanol,523.43,Port of Yokohama
2026-08-19,Biofuel (B30),779.59,Port of Yokohama
2026-08-19,Ammonia,731.8,Port of Yokohama
2026-08-19,Hydrogen,1839.13,Port of Yokohama
2026-08-19,VLSFO,602.31,Port of Klang
2026-08-19,LSMGO,800.33,Port of Klang
2026-08-19,LNG,528.03,Port of Klang
2026-08-19,Bio-Methanol,518.13,Port of Klang
2026-08-19,Biofuel (B30),790.05,Port of Klang
2026-08-19,Ammonia,751.51,Port of Klang
2026-08-19,Hydrogen,1836.13,Port of Klang
2026-08-19,VLSFO,610.1,Port of Tanjung Pelepas
2026-08-19,LSMGO,797.99,Port of Tanjung Pelepas
2026-08-19,LNG,528.93,Port of Tanjung Pelepas
2026-08-19,Bio-Methanol,506.3,Port of Tanjung Pelepas
2026-08-19,Biofuel (B30),769.87,Port of Tanjung Pelepas
2026-08-19,Ammonia,749.94,Port of Tanjung Pelepas
2026-08-19,Hydrogen,1858.13,Port of Tanjung Pelepas
2026-08-20,VLSFO,624.27,Port of Singapore
2026-08-20,LSMGO,779.97,Port of Singapore
2026-08-20,LNG,538.13,Port of Singapore
2026-08-20,Bio-Methanol,507.33,Port of Singapore
2026-08-20,Biofuel (B30),785.29,Port of Singapore
2026-08-20,Ammonia,732.13,Port of Singapore
2026-08-20,Hydrogen,1848.33,Port of Singapore
2026-08-20,VLSFO,608.55,Port of Shanghai
2026-08-20,LSMGO,797.46,Port of Shanghai
2026-08-20,LNG,538.47,Port of Shanghai
2026-08-20,Bio-Methanol,511.02,Port of Shanghai
2026-08-20,Biofuel (B30),774.28,Port of Shanghai
2026-08-20,Ammonia,749.26,Port of Shanghai
2026-08-20,Hydrogen,1849.07,Port of Shanghai
2026-08-20,VLSFO,625.05,Port of Ningbo-Zhoushan
2026-08-20,LSMGO,786.04,Port of Ningbo-Zhoushan
2026-08-20,LNG,553.41,Port of Ningbo-Zhoushan
2026-08-20,Bio-Methanol,524.53,Port of Ningbo-Zhoushan
2026-08-20,Biofuel (B30),778.85,Port of Ningbo-Zhoushan
2026-08-20,Ammonia,733.45,Port of Ningbo-Zhoushan
2026-08-20,Hydrogen,1846.46,Port of Ningbo-Zhoushan
2026-08-20,VLSFO,615.82,Port of Shenzhen
2026-08-20,LSMGO,803.99,Port of Shenzhen
2026-08-20,LNG,549.51,Port of Shenzhen
2026-08-20,Bio-Methanol,519.04,Port of Shenzhen
2026-08-20,Biofuel (B30),769.15,Port of Shenzhen
2026-08-20,Ammonia,732.5,Port of Shenzhen
2026-08-20,Hydrogen,1854.24,Port of Shenzhen
2026-08-20,VLSFO,626.22,Port of Busan
2026-08-20,LSMGO,791.64,Port of Busan
2026-08-20,LNG,528.08,Port of Busan
2026-08-20,Bio-Methanol,520.38,Port of Busan
2026-08-20,Biofuel (B30),790.53,Port of Busan
2026-08-20,Ammonia,733.55,Port of Busan
2026-08-20,Hydrogen,1857.89,Port of Busan
2026-08-20,VLSFO,608.18,Port of Hong Kong
2026-08-20,LSMGO,802.16,Port of Hong Kong
2026-08-20,LNG,529.42,Port of Hong Kong
2026-08-20,Bio-Methanol,508.12,Port of Hong Kong
2026-08-20,Biofuel (B30),793.39,Port of Hong Kong
2026-08-20,Ammonia,731.66,Port of Hong Kong
2026-08-20,Hydrogen,1848.53,Port of Hong Kong
2026-08-20,VLSFO,610.49,Port of Tokyo
2026-08-20,LSMGO,775.8,Port of Tokyo
2026-08-20,LNG,526.6,Port of Tokyo
2026-08-20,Bio-Methanol,510.06,Port of Tokyo
2026-08-20,Biofuel (B30),772.07,Port of Tokyo
2026-08-20,Ammonia,754.84,Port of Tokyo
2026-08-20,Hydrogen,1846.25,Port of Tokyo
2026-08-20,VLSFO,600.85,Port of Yokohama
2026-08-20,LSMGO,802.92,Port of Yokohama
2026-08-20,LNG,550.18,Port of Yokohama
2026-08-20,Bio-Methanol,514.5,Port of Yokohama
2026-08-20,Biofuel (B30),788.74,Port of Yokohama
2026-08-20,Ammonia,729.13,Port of Yokohama
2026-08-20,Hydrogen,1843.61,Port of Yokohama
2026-08-20,VLSFO,624.89,Port of Klang
2026-08-20,LSMGO,795.88,Port of Klang
2026-08-20,LNG,529.16,Port of Klang
2026-08-20,Bio-Methanol,516.17,Port of Klang
2026-08-20,Biofuel (B30),778.46,Port of Klang
2026-08-20,Ammonia,725.16,Port of Klang
2026-08-20,Hydrogen,1837.38,Port of Klang
2026-08-20,VLSFO,607.68,Port of Tanjung Pelepas
2026-08-20,LSMGO,800.05,Port of Tanjung Pelepas
2026-08-20,LNG,541.46,Port of Tanjung Pelepas
2026-08-20,Bio-Methanol,516.82,Port of Tanjung Pelepas
2026-08-20,Biofuel (B30),780.83,Port of Tanjung Pelepas
2026-08-20,Ammonia,728.34,Port of Tanjung Pelepas
2026-08-20,Hydrogen,1843.64,Port of Tanjung Pelepas
2026-08-21,VLSFO,609.03,Port of Singapore
2026-08-21,LSMGO,776.43,Port of Singapore
2026-08-21,LNG,537.59,Port of Singapore
2026-08-21,Bio-Methanol,518.82,Port of Singapore
2026-08-21,Biofuel (B30),778.71,Port of Singapore
2026-08-21,Ammonia,728.33,Port of Singapore
2026-08-21,Hydrogen,1862.15,Port of Singapore
2026-08-21,VLSFO,617.9,Port of Shanghai
2026-08-21,LSMGO,775.49,Port of Shanghai
2026-08-21,LNG,540.46,Port of Shanghai
2026-08-21,Bio-Methanol,502.26,Port of Shanghai
2026-08-21,Biofuel (B30),769.31,Port of Shanghai
2026-08-21,Ammonia,737.88,Port of Shanghai
2026-08-21,Hydrogen,1853.44,Port of Shanghai
2026-08-21,VLSFO,607.22,Port of Ningbo-Zhoushan
2026-08-21,LSMGO,787.5,Port of Ningbo-Zhoushan
2026-08-21,LNG,544.93,Port of Ningbo-Zhoushan
2026-08-21,Bio-Methanol,497.57,Port of Ningbo-Zhoushan
2026-08-21,Biofuel (B30),794.24,Port of Ningbo-Zhoushan
2026-08-21,Ammonia,727.03,Port of Ningbo-Zhoushan
2026-08-21,Hydrogen,1850.78,Port of Ningbo-Zhoushan
2026-08-21,VLSFO,615.22,Port of Shenzhen
2026-08-21,LSMGO,804.65,Port of Shenzhen
2026-08-21,LNG,541.62,Port of Shenzhen
2026-08-21,Bio-Methanol,506.71,Port of Shenzhen
2026-08-21,Biofuel (B30),779.1,Port of Shenzhen
2026-08-21,Ammonia,744.07,Port of Shenzhen
2026-08-21,Hydrogen,1864.43,Port of Shenzhen
2026-08-21,VLSFO,607.61,Port of Busan
2026-08-21,LSMGO,775.49,Port of Busan
2026-08-21,LNG,548.66,Port of Busan
2026-08-21,Bio-Methanol,505.34,Port of Busan
2026-08-21,Biofuel (B30),786.99,Port of Busan
2026-08-21,Ammonia,743.85,Port of Busan
2026-08-21,Hydrogen,1858.15,Port of Busan
2026-08-21,VLSFO,622.06,Port of Hong Kong
2026-08-21,LSMGO,784.98,Port of Hong Kong
2026-08-21,LNG,526.33,Port of Hong Kong
2026-08-21,Bio-Methanol,511.38,Port of Hong Kong
2026-08-21,Biofuel (B30),789.41,Port of Hong Kong
2026-08-21,Ammonia,730.25,Port of Hong Kong
2026-08-21,Hydrogen,1858.37,Port of Hong Kong
2026-08-21,VLSFO,613.94,Port of Tokyo
2026-08-21,LSMGO,795.86,Port of Tokyo
2026-08-21,LNG,543.95,Port of Tokyo
2026-08-21,Bio-Methanol,519.34,Port of Tokyo
2026-08-21,Biofuel (B30),766.89,Port of Tokyo
2026-08-21,Ammonia,748.29,Port of Tokyo
2026-08-21,Hydrogen,1848.73,Port of Tokyo
2026-08-21,VLSFO,608.8,Port of Yokohama
2026-08-21,LSMGO,776.31,Port of Yokohama
2026-08-21,LNG,530.98,Port of Yokohama
2026-08-21,Bio-Methanol,496.26,Port of Yokohama
2026-08-21,Biofuel (B30),793.0,Port of Yokohama
2026-08-21,Ammonia,740.46,Port of Yokohama
2026-08-21,Hydrogen,1864.67,Port of Yokohama
2026-08-21,VLSFO,616.29,Port of Klang
2026-08-21,LSMGO,782.6,Port of Klang
2026-08-21,LNG,547.6,Port of Klang
2026-08-21,Bio-Methanol,500.73,Port of Klang
2026-08-21,Biofuel (B30),775.71,Port of Klang
2026-08-21,Ammonia,748.43,Port of Klang
2026-08-21,Hydrogen,1860.97,Port of Klang
2026-08-21,VLSFO,609.96,Port of Tanjung Pelepas
2026-08-21,LSMGO,778.73,Port of Tanjung Pelepas
2026-08-21,LNG,536.04,Port of Tanjung Pelepas
2026-08-21,Bio-Methanol,521.68,Port of Tanjung Pelepas
2026-08-21,Biofuel (B30),787.3,Port of Tanjung Pelepas
2026-08-21,Ammonia,751.84,Port of Tanjung Pelepas
2026-08-21,Hydrogen,1846.6,Port of Tanjung Pelepas
2026-08-22,VLSFO,629.21,Port of Singapore
2026-08-22,LSMGO,789.89,Port of Singapore
2026-08-22,LNG,539.93,Port of Singapore
2026-08-22,Bio-Methanol,522.73,Port of Singapore
2026-08-22,Biofuel (B30),780.58,Port of Singapore
2026-08-22,Ammonia,749.03,Port of Singapore
2026-08-22,Hydrogen,1856.81,Port of Singapore
2026-08-22,VLSFO,602.37,Port of Shanghai
2026-08-22,LSMGO,793.07,Port of Shanghai
2026-08-22,LNG,549.67,Port of Shanghai
2026-08-22,Bio-Methanol,511.36,Port of Shanghai
2026-08-22,Biofuel (B30),774.64,Port of Shanghai
2026-08-22,Ammonia,727.4,Port of Shanghai
2026-08-22,Hydrogen,1854.83,Port of Shanghai
2026-08-22,VLSFO,609.19,Port of Ningbo-Zhoushan
2026-08-22,LSMGO,793.08,Port of Ningbo-Zhoushan
2026-08-22,LNG,537.78,Port of Ningbo-Zhoushan
2026-08-22,Bio-Methanol,515.69,Port of Ningbo-Zhoushan
2026-08-22,Biofuel (B30),775.55,Port of Ningbo-Zhoushan
2026-08-22,Ammonia,726.27,Port of Ningbo-Zhoushan
2026-08-22,Hydrogen,1861.1,Port of Ningbo-Zhoushan
2026-08-22,VLSFO,610.58,Port of Shenzhen
2026-08-22,LSMGO,804.94,Port of Shenzhen
2026-08-22,LNG,533.24,Port of Shenzhen
2026-08-22,Bio-Methanol,524.4,Port of Shenzhen
2026-08-22,Biofuel (B30),793.44,Port of Shenzhen
2026-08-22,Ammonia,727.25,Port of Shenzhen
2026-08-22,Hydrogen,1854.13,Port of Shenzhen
2026-08-22,VLSFO,610.9,Port of Busan
2026-08-22,LSMGO,799.03,Port of Busan
2026-08-22,LNG,545.38,Port of Busan
2026-08-22,Bio-Methanol,523.58,Port of Busan
2026-08-22,Biofuel (B30),769.28,Port of Busan
2026-08-22,Ammonia,743.23,Port of Busan
2026-08-22,Hydrogen,1858.44,Port of Busan
2026-08-22,VLSFO,601.04,Port of Hong Kong
2026-08-22,LSMGO,777.02,Port of Hong Kong
2026-08-22,LNG,548.36,Port of Hong Kong
2026-08-22,Bio-Methanol,505.99,Port of Hong Kong
2026-08-22,Biofuel (B30),776.49,Port of Hong Kong
2026-08-22,Ammonia,742.02,Port of Hong Kong
2026-08-22,Hydrogen,1853.15,Port of Hong Kong
2026-08-22,VLSFO,620.37,Port of Tokyo
2026-08-22,LSMGO,803.46,Port of Tokyo
2026-08-22,LNG,536.16,Port of Tokyo
2026-08-22,Bio-Methanol,517.89,Port of Tokyo
2026-08-22,Biofuel (B30),782.22,Port of Tokyo
2026-08-22,Ammonia,740.88,Port of Tokyo
2026-08-22,Hydrogen,1846.94,Port of Tokyo
2026-08-22,VLSFO,619.49,Port of Yokohama
2026-08-22,LSMGO,782.49,Port of Yokohama
2026-08-22,LNG,528.4,Port of Yokohama
2026-08-22,Bio-Methanol,517.07,Port of Yokohama
2026-08-22,Biofuel (B30),779.97,Port of Yokohama
2026-08-22,Ammonia,736.61,Port of Yokohama
2026-08-22,Hydrogen,1851.85,Port of Yokohama
2026-08-22,VLSFO,607.85,Port of Klang
2026-08-22,LSMGO,782.81,Port of Klang
2026-08-22,LNG,538.39,Port of Klang
2026-08-22,Bio-Methanol,524.89,Port of Klang
2026-08-22,Biofuel (B30),773.57,Port of Klang
2026-08-22,Ammonia,752.49,Port of Klang
2026-08-22,Hydrogen,1849.74,Port of Klang
2026-08-22,VLSFO,603.68,Port of Tanjung Pelepas
2026-08-22,LSMGO,800.58,Port of Tanjung Pelepas
2026-08-22,LNG,538.56,Port of Tanjung Pelepas
2026-08-22,Bio-Methanol,521.96,Port of Tanjung Pelepas
2026-08-22,Biofuel (B30),778.35,Port of Tanjung Pelepas
2026-08-22,Ammonia,727.63,Port of Tanjung Pelepas
2026-08-22,Hydrogen,1855.46,Port of Tanjung Pelepas
2026-08-23,VLSFO,625.37,Port of Singapore
2026-08-23,LSMGO,784.59,Port of Singapore
2026-08-23,LNG,535.42,Port of Singapore
2026-08-23,Bio-Methanol,496.95,Port of Singapore
2026-08-23,Biofuel (B30),781.27,Port of Singapore
2026-08-23,Ammonia,751.74,Port of Singapore
2026-08-23,Hydrogen,1860.54,Port of Singapore
2026-08-23,VLSFO,621.35,Port of Shanghai
2026-08-23,LSMGO,802.82,Port of Shanghai
2026-08-23,LNG,544.13,Port of Shanghai
2026-08-23,Bio-Methanol,518.81,Port of Shanghai
2026-08-23,Biofuel (B30),780.26,Port of Shanghai
2026-08-23,Ammonia,728.64,Port of Shanghai
2026-08-23,Hydrogen,1841.03,Port of Shanghai
2026-08-23,VLSFO,604.17,Port of Ningbo-Zhoushan
2026-08-23,LSMGO,798.71,Port of Ningbo-Zhoushan
2026-08-23,LNG,525.79,Port of Ningbo-Zhoushan
2026-08-23,Bio-Methanol,511.62,Port of Ningbo-Zhoushan
2026-08-23,Biofuel (B30),776.07,Port of Ningbo-Zhoushan
2026-08-23,Ammonia,749.11,Port of Ningbo-Zhoushan
2026-08-23,Hydrogen,1851.55,Port of Ningbo-Zhoushan
2026-08-23,VLSFO,618.36,Port of Shenzhen
2026-08-23,LSMGO,777.59,Port of Shenzhen
2026-08-23,LNG,534.28,Port of Shenzhen
2026-08-23,Bio-Methanol,524.99,Port of Shenzhen
2026-08-23,Biofuel (B30),786.57,Port of Shenzhen
2026-08-23,Ammonia,740.77,Port of Shenzhen
2026-08-23,Hydrogen,1858.07,Port of Shenzhen
2026-08-23,VLSFO,624.7,Port of Busan
2026-08-23,LSMGO,777.21,Port of Busan
2026-08-23,LNG,554.17,Port of Busan
2026-08-23,Bio-Methanol,514.27,Port of Busan
2026-08-23,Biofuel (B30),778.5,Port of Busan
2026-08-23,Ammonia,745.4,Port of Busan
2026-08-23,Hydrogen,1845.34,Port of Busan
2026-08-23,VLSFO,626.34,Port of Hong Kong
2026-08-23,LSMGO,798.41,Port of Hong Kong
2026-08-23,LNG,544.19,Port of Hong Kong
2026-08-23,Bio-Methanol,500.46,Port of Hong Kong
2026-08-23,Biofuel (B30),793.99,Port of Hong Kong
2026-08-23,Ammonia,737.98,Port of Hong Kong
2026-08-23,Hydrogen,1862.32,Port of Hong Kong
2026-08-23,VLSFO,601.66,Port of Tokyo
2026-08-23,LSMGO,778.72,Port of Tokyo
2026-08-23,LNG,529.59,Port of Tokyo
2026-08-23,Bio-Methanol,499.94,Port of Tokyo
2026-08-23,Biofuel (B30),774.68,Port of Tokyo
2026-08-23,Ammonia,746.28,Port of Tokyo
2026-08-23,Hydrogen,1845.38,Port of Tokyo
2026-08-23,VLSFO,628.23,Port of Yokohama
2026-08-23,LSMGO,801.85,Port of Yokohama
2026-08-23,LNG,550.38,Port of Yokohama
2026-08-23,Bio-Methanol,502.52,Port of Yokohama
2026-08-23,Biofuel (B30),784.05,Port of Yokohama
2026-08-23,Ammonia,741.53,Port of Yokohama
2026-08-23,Hydrogen,1838.76,Port of Yokohama
2026-08-23,VLSFO,609.08,Port of Klang
2026-08-23,LSMGO,791.0,Port of Klang
2026-08-23,LNG,540.08,Port of Klang
2026-08-23,Bio-Methanol,500.06,Port of Klang
2026-08-23,Biofuel (B30),793.25,Port of Klang
2026-08-23,Ammonia,729.63,Port of Klang
2026-08-23,Hydrogen,1854.76,Port of Klang
2026-08-23,VLSFO,621.62,Port of Tanjung Pelepas
2026-08-23,LSMGO,793.15,Port of Tanjung Pelepas
2026-08-23,LNG,550.28,Port of Tanjung Pelepas
2026-08-23,Bio-Methanol,511.91,Port of Tanjung Pelepas
2026-08-23,Biofuel (B30),789.76,Port of Tanjung Pelepas
2026-08-23,Ammonia,725.85,Port of Tanjung Pelepas
2026-08-23,Hydrogen,1836.36,Port of Tanjung Pelepas
2026-08-24,VLSFO,619.24,Port of Singapore
2026-08-24,LSMGO,792.3,Port of Singapore
2026-08-24,LNG,544.53,Port of Singapore
2026-08-24,Bio-Methanol,518.01,Port of Singapore
2026-08-24,Biofuel (B30),777.5,Port of Singapore
2026-08-24,Ammonia,744.17,Port of Singapore
2026-08-24,Hydrogen,1849.94,Port of Singapore
2026-08-24,VLSFO,618.81,Port of Shanghai
2026-08-24,LSMGO,783.69,Port of Shanghai
2026-08-24,LNG,553.7,Port of Shanghai
2026-08-24,Bio-Methanol,509.49,Port of Shanghai
2026-08-24,Biofuel (B30),789.14,Port of Shanghai
2026-08-24,Ammonia,745.55,Port of Shanghai
2026-08-24,Hydrogen,1843.92,Port of Shanghai
2026-08-24,VLSFO,602.19,Port of Ningbo-Zhoushan
2026-08-24,LSMGO,776.8,Port of Ningbo-Zhoushan
2026-08-24,LNG,538.19,Port of Ningbo-Zhoushan
2026-08-24,Bio-Methanol,509.53,Port of Ningbo-Zhoushan
2026-08-24,Biofuel (B30),771.12,Port of Ningbo-Zhoushan
2026-08-24,Ammonia,743.2,Port of Ningbo-Zhoushan
2026-08-24,Hydrogen,1844.38,Port of Ningbo-Zhoushan
2026-08-24,VLSFO,621.55,Port of Shenzhen
2026-08-24,LSMGO,797.03,Port of Shenzhen
2026-08-24,LNG,550.82,Port of Shenzhen
2026-08-24,Bio-Methanol,524.26,Port of Shenzhen
2026-08-24,Biofuel (B30),768.92,Port of Shenzhen
2026-08-24,Ammonia,736.12,Port of Shenzhen
2026-08-24,Hydrogen,1851.85,Port of Shenzhen
2026-08-24,VLSFO,609.57,Port of Busan
2026-08-24,LSMGO,788.99,Port of Busan
2026-08-24,LNG,533.02,Port of Busan
2026-08-24,Bio-Methanol,502.44,Port of Busan
2026-08-24,Biofuel (B30),767.9,Port of Busan
2026-08-24,Ammonia,733.71,Port of Busan
2026-08-24,Hydrogen,1846.52,Port of Busan
2026-08-24,VLSFO,618.46,Port of Hong Kong
2026-08-24,LSMGO,782.45,Port of Hong Kong
2026-08-24,LNG,550.96,Port of Hong Kong
2026-08-24,Bio-Methanol,499.79,Port of Hong Kong
2026-08-24,Biofuel (B30),774.82,Port of Hong Kong
2026-08-24,Ammonia,742.33,Port of Hong Kong
2026-08-24,Hydrogen,1844.38,Port of Hong Kong
2026-08-24,VLSFO,622.89,Port of Tokyo
2026-08-24,LSMGO,789.95,Port of Tokyo
2026-08-24,LNG,540.44,Port of Tokyo
2026-08-24,Bio-Methanol,509.96,Port of Tokyo
2026-08-24,Biofuel (B30),774.26,Port of Tokyo
2026-08-24,Ammonia,725.7,Port of Tokyo
2026-08-24,Hydrogen,1863.36,Port of Tokyo
2026-08-24,VLSFO,615.16,Port of Yokohama
2026-08-24,LSMGO,804.0,Port of Yokohama
2026-08-24,LNG,531.45,Port of Yokohama
2026-08-24,Bio-Methanol,505.59,Port of Yokohama
2026-08-24,Biofuel (B30),766.52,Port of Yokohama
2026-08-24,Ammonia,739.85,Port of Yokohama
2026-08-24,Hydrogen,1861.47,Port of Yokohama
2026-08-24,VLSFO,619.63,Port of Klang
2026-08-24,LSMGO,789.12,Port of Klang
2026-08-24,LNG,541.1,Port of Klang
2026-08-24,Bio-Methanol,520.42,Port of Klang
2026-08-24,Biofuel (B30),777.93,Port of Klang
2026-08-24,Ammonia,751.47,Port of Klang
2026-08-24,Hydrogen,1856.83,Port of Klang
2026-08-24,VLSFO,622.92,Port of Tanjung Pelepas
2026-08-24,LSMGO,785.98,Port of Tanjung Pelepas
2026-08-24,LNG,537.02,Port of Tanjung Pelepas
2026-08-24,Bio-Methanol,512.11,Port of Tanjung Pelepas
2026-08-24,Biofuel (B30),770.84,Port of Tanjung Pelepas
2026-08-24,Ammonia,741.6,Port of Tanjung Pelepas
2026-08-24,Hydrogen,1837.21,Port of Tanjung Pelepas
2026-08-25,VLSFO,615.13,Port of Singapore
2026-08-25,LSMGO,797.93,Port of Singapore
2026-08-25,LNG,533.39,Port of Singapore
2026-08-25,Bio-Methanol,524.67,Port of Singapore
2026-08-25,Biofuel (B30),785.41,Port of Singapore
2026-08-25,Ammonia,728.56,Port of Singapore
2026-08-25,Hydrogen,1864.25,Port of Singapore
2026-08-25,VLSFO,611.82,Port of Shanghai
2026-08-25,LSMGO,798.85,Port of Shanghai
2026-08-25,LNG,535.17,Port of Shanghai
2026-08-25,Bio-Methanol,523.17,Port of Shanghai
2026-08-25,Biofuel (B30),787.65,Port of Shanghai
2026-08-25,Ammonia,730.97,Port of Shanghai
2026-08-25,Hydrogen,1850.27,Port of Shanghai
2026-08-25,VLSFO,615.0,Port of Ningbo-Zhoushan
2026-08-25,LSMGO,776.36,Port of Ningbo-Zhoushan
2026-08-25,LNG,529.11,Port of Ningbo-Zhoushan
2026-08-25,Bio-Methanol,504.99,Port of Ningbo-Zhoushan
2026-08-25,Biofuel (B30),779.21,Port of Ningbo-Zhoushan
2026-08-25,Ammonia,738.71,Port of Ningbo-Zhoushan
2026-08-25,Hydrogen,1853.19,Port of Ningbo-Zhoushan
2026-08-25,VLSFO,615.47,Port of Shenzhen
2026-08-25,LSMGO,784.84,Port of Shenzhen
2026-08-25,LNG,543.39,Port of Shenzhen
2026-08-25,Bio-Methanol,499.88,Port of Shenzhen
2026-08-25,Biofuel (B30),794.72,Port of Shenzhen
2026-08-25,Ammonia,747.18,Port of Shenzhen
2026-08-25,Hydrogen,1843.98,Port of Shenzhen
2026-08-25,VLSFO,610.09,Port of Busan
2026-08-25,LSMGO,799.85,Port of Busan
2026-08-25,LNG,540.97,Port of Busan
2026-08-25,Bio-Methanol,516.26,Port of Busan
2026-08-25,Biofuel (B30),773.99,Port of Busan
2026-08-25,Ammonia,749.47,Port of Busan
2026-08-25,Hydrogen,1846.05,Port of Busan
2026-08-25,VLSFO,620.21,Port of Hong Kong
2026-08-25,LSMGO,804.4,Port of Hong Kong
2026-08-25,LNG,542.51,Port of Hong Kong
2026-08-25,Bio-Methanol,518.9,Port of Hong Kong
2026-08-25,Biofuel (B30),786.76,Port of Hong Kong
2026-08-25,Ammonia,745.64,Port of Hong Kong
2026-08-25,Hydrogen,1835.8,Port of Hong Kong
2026-08-25,VLSFO,614.24,Port of Tokyo
2026-08-25,LSMGO,804.01,Port of Tokyo
2026-08-25,LNG,548.49,Port of Tokyo
2026-08-25,Bio-Methanol,518.28,Port of Tokyo
2026-08-25,Biofuel (B30),782.33,Port of Tokyo
2026-08-25,Ammonia,746.64,Port of Tokyo
2026-08-25,Hydrogen,1852.51,Port of Tokyo
2026-08-25,VLSFO,605.12,Port of Yokohama
2026-08-25,LSMGO,793.87,Port of Yokohama
2026-08-25,LNG,543.59,Port of Yokohama
2026-08-25,Bio-Methanol,520.24,Port of Yokohama
2026-08-25,Biofuel (B30),769.43,Port of Yokohama
2026-08-25,Ammonia,745.42,Port of Yokohama
2026-08-25,Hydrogen,1835.95,Port of Yokohama
2026-08-25,VLSFO,628.45,Port of Klang
2026-08-25,LSMGO,778.3,Port of Klang
2026-08-25,LNG,525.57,Port of Klang
2026-08-25,Bio-Methanol,504.41,Port of Klang
2026-08-25,Biofuel (B30),769.54,Port of Klang
2026-08-25,Ammonia,745.72,Port of Klang
2026-08-25,Hydrogen,1847.31,Port of Klang
2026-08-25,VLSFO,623.25,Port of Tanjung Pelepas
2026-08-25,LSMGO,802.62,Port of Tanjung Pelepas
2026-08-25,LNG,551.18,Port of Tanjung Pelepas
2026-08-25,Bio-Methanol,517.08,Port of Tanjung Pelepas
2026-08-25,Biofuel (B30),766.87,Port of Tanjung Pelepas
2026-08-25,Ammonia,729.14,Port of Tanjung Pelepas
2026-08-25,Hydrogen,1841.22,Port of Tanjung Pelepas
2026-08-26,VLSFO,609.75,Port of Singapore
2026-08-26,LSMGO,794.87,Port of Singapore
2026-08-26,LNG,540.76,Port of Singapore
2026-08-26,Bio-Methanol,504.41,Port of Singapore
2026-08-26,Biofuel (B30),770.2,Port of Singapore
2026-08-26,Ammonia,752.36,Port of Singapore
2026-08-26,Hydrogen,1845.27,Port of Singapore
2026-08-26,VLSFO,610.63,Port of Shanghai
2026-08-26,LSMGO,798.16,Port of Shanghai
2026-08-26,LNG,546.63,Port of Shanghai
2026-08-26,Bio-Methanol,514.3,Port of Shanghai
2026-08-26,Biofuel (B30),785.8,Port of Shanghai
2026-08-26,Ammonia,743.3,Port of Shanghai
2026-08-26,Hydrogen,1840.77,Port of Shanghai
2026-08-26,VLSFO,607.4,Port of Ningbo-Zhoushan
2026-08-26,LSMGO,791.74,Port of Ningbo-Zhoushan
2026-08-26,LNG,531.75,Port of Ningbo-Zhoushan
2026-08-26,Bio-Methanol,524.19,Port of Ningbo-Zhoushan
2026-08-26,Biofuel (B30),773.93,Port of Ningbo-Zhoushan
2026-08-26,Ammonia,733.67,Port of Ningbo-Zhoushan
2026-08-26,Hydrogen,1841.22,Port of Ningbo-Zhoushan
2026-08-26,VLSFO,621.15,Port of Shenzhen
2026-08-26,LSMGO,784.51,Port of Shenzhen
2026-08-26,LNG,535.46,Port of Shenzhen
2026-08-26,Bio-Methanol,523.01,Port of Shenzhen
2026-08-26,Biofuel (B30),788.86,Port of Shenzhen
2026-08-26,Ammonia,733.2,Port of Shenzhen
2026-08-26,Hydrogen,1838.66,Port of Shenzhen
2026-08-26,VLSFO,620.3,Port of Busan
2026-08-26,LSMGO,786.39,Port of Busan
2026-08-26,LNG,554.4,Port of Busan
2026-08-26,Bio-Methanol,519.55,Port of Busan
2026-08-26,Biofuel (B30),793.64,Port of Busan
2026-08-26,Ammonia,749.14,Port of Busan
2026-08-26,Hydrogen,1843.71,Port of Busan
2026-08-26,VLSFO,608.63,Port of Hong Kong
2026-08-26,LSMGO,796.42,Port of Hong Kong
2026-08-26,LNG,535.39,Port of Hong Kong
2026-08-26,Bio-Methanol,508.27,Port of Hong Kong
2026-08-26,Biofuel (B30),772.69,Port of Hong Kong
2026-08-26,Ammonia,739.37,Port of Hong Kong
2026-08-26,Hydrogen,1841.06,Port of Hong Kong
2026-08-26,VLSFO,616.16,Port of Tokyo
2026-08-26,LSMGO,802.99,Port of Tokyo
2026-08-26,LNG,545.89,Port of Tokyo
2026-08-26,Bio-Methanol,499.12,Port of Tokyo
2026-08-26,Biofuel (B30),783.47,Port of Tokyo
2026-08-26,Ammonia,742.6,Port of Tokyo
2026-08-26,Hydrogen,1842.27,Port of Tokyo
2026-08-26,VLSFO,620.1,Port of Yokohama
2026-08-26,LSMGO,790.93,Port of Yokohama
2026-08-26,LNG,544.14,Port of Yokohama
2026-08-26,Bio-Methanol,496.57,Port of Yokohama
2026-08-26,Biofuel (B30),777.4,Port of Yokohama
2026-08-26,Ammonia,746.52,Port of Yokohama
2026-08-26,Hydrogen,1838.02,Port of Yokohama
2026-08-26,VLSFO,623.12,Port of Klang
2026-08-26,LSMGO,775.16,Port of Klang
2026-08-26,LNG,541.51,Port of Klang
2026-08-26,Bio-Methanol,522.87,Port of Klang
2026-08-26,Biofuel (B30),777.21,Port of Klang
2026-08-26,Ammonia,753.05,Port of Klang
2026-08-26,Hydrogen,1861.35,Port of Klang
2026-08-26,VLSFO,614.32,Port of Tanjung Pelepas
2026-08-26,LSMGO,780.98,Port of Tanjung Pelepas
2026-08-26,LNG,553.92,Port of Tanjung Pelepas
2026-08-26,Bio-Methanol,504.64,Port of Tanjung Pelepas
2026-08-26,Biofuel (B30),784.38,Port of Tanjung Pelepas
2026-08-26,Ammonia,752.24,Port of Tanjung Pelepas
2026-08-26,Hydrogen,1837.68,Port of Tanjung Pelepas
2026-08-27,VLSFO,617.22,Port of Singapore
2026-08-27,LSMGO,791.05,Port of Singapore
2026-08-27,LNG,546.69,Port of Singapore
2026-08-27,Bio-Methanol,523.1,Port of Singapore
2026-08-27,Biofuel (B30),792.4,Port of Singapore
2026-08-27,Ammonia,730.25,Port of Singapore
2026-08-27,Hydrogen,1861.47,Port of Singapore
2026-08-27,VLSFO,605.27,Port of Shanghai
2026-08-27,LSMGO,802.59,Port of Shanghai
2026-08-27,LNG,554.92,Port of Shanghai
2026-08-27,Bio-Methanol,506.91,Port of Shanghai
2026-08-27,Biofuel (B30),779.86,Port of Shanghai
2026-08-27,Ammonia,753.1,Port of Shanghai
2026-08-27,Hydrogen,1863.86,Port of Shanghai
2026-08-27,VLSFO,627.78,Port of Ningbo-Zhoushan
2026-08-27,LSMGO,801.3,Port of Ningbo-Zhoushan
2026-08-27,LNG,525.28,Port of Ningbo-Zhoushan
2026-08-27,Bio-Methanol,512.04,Port of Ningbo-Zhoushan
2026-08-27,Biofuel (B30),768.22,Port of Ningbo-Zhoushan
2026-08-27,Ammonia,754.49,Port of Ningbo-Zhoushan
2026-08-27,Hydrogen,1843.54,Port of Ningbo-Zhoushan
2026-08-27,VLSFO,629.67,Port of Shenzhen
2026-08-27,LSMGO,791.3,Port of Shenzhen
2026-08-27,LNG,539.82,Port of Shenzhen
2026-08-27,Bio-Methanol,523.16,Port of Shenzhen
2026-08-27,Biofuel (B30),790.53,Port of Shenzhen
2026-08-27,Ammonia,739.04,Port of Shenzhen
2026-08-27,Hydrogen,1840.78,Port of Shenzhen
2026-08-27,VLSFO,603.38,Port of Busan
2026-08-27,LSMGO,779.87,Port of Busan
2026-08-27,LNG,538.77,Port of Busan
2026-08-27,Bio-Methanol,502.72,Port of Busan
2026-08-27,Biofuel (B30),770.59,Port of Busan
2026-08-27,Ammonia,747.1,Port of Busan
2026-08-27,Hydrogen,1858.72,Port of Busan
2026-08-27,VLSFO,617.03,Port of Hong Kong
2026-08-27,LSMGO,797.72,Port of Hong Kong
2026-08-27,LNG,530.26,Port of Hong Kong
2026-08-27,Bio-Methanol,520.68,Port of Hong Kong
2026-08-27,Biofuel (B30),791.91,Port of Hong Kong
2026-08-27,Ammonia,749.81,Port of Hong Kong
2026-08-27,Hydrogen,1850.46,Port of Hong Kong
2026-08-27,VLSFO,602.6,Port of Tokyo
2026-08-27,LSMGO,795.08,Port of Tokyo
2026-08-27,LNG,530.54,Port of Tokyo
2026-08-27,Bio-Methanol,499.22,Port of Tokyo
2026-08-27,Biofuel (B30),774.71,Port of Tokyo
2026-08-27,Ammonia,732.44,Port of Tokyo
2026-08-27,Hydrogen,1842.82,Port of Tokyo
2026-08-27,VLSFO,607.07,Port of Yokohama
2026-08-27,LSMGO,797.61,Port of Yokohama
2026-08-27,LNG,553.62,Port of Yokohama
2026-08-27,Bio-Methanol,504.06,Port of Yokohama
2026-08-27,Biofuel (B30),786.69,Port of Yokohama
2026-08-27,Ammonia,725.34,Port of Yokohama
2026-08-27,Hydrogen,1854.61,Port of Yokohama
2026-08-27,VLSFO,620.78,Port of Klang
2026-08-27,LSMGO,776.86,Port of Klang
2026-08-27,LNG,528.55,Port of Klang
2026-08-27,Bio-Methanol,504.2,Port of Klang
2026-08-27,Biofuel (B30),777.16,Port of Klang
2026-08-27,Ammonia,740.08,Port of Klang
2026-08-27,Hydrogen,1861.85,Port of Klang
2026-08-27,VLSFO,621.11,Port of Tanjung Pelepas
2026-08-27,LSMGO,784.33,Port of Tanjung Pelepas
2026-08-27,LNG,528.52,Port of Tanjung Pelepas
2026-08-27,Bio-Methanol,522.48,Port of Tanjung Pelepas
2026-08-27,Biofuel (B30),773.85,Port of Tanjung Pelepas
2026-08-27,Ammonia,743.44,Port of Tanjung Pelepas
2026-08-27,Hydrogen,1841.57,Port of Tanjung Pelepas
2026-08-28,VLSFO,604.01,Port of Singapore
2026-08-28,LSMGO,779.6,Port of Singapore
2026-08-28,LNG,547.43,Port of Singapore
2026-08-28,Bio-Methanol,513.17,Port of Singapore
2026-08-28,Biofuel (B30),777.48,Port of Singapore
2026-08-28,Ammonia,741.48,Port of Singapore
2026-08-28,Hydrogen,1849.12,Port of Singapore
2026-08-28,VLSFO,616.13,Port of Shanghai
2026-08-28,LSMGO,794.92,Port of Shanghai
2026-08-28,LNG,531.55,Port of Shanghai
2026-08-28,Bio-Methanol,502.42,Port of Shanghai
2026-08-28,Biofuel (B30),787.64,Port of Shanghai
2026-08-28,Ammonia,751.19,Port of Shanghai
2026-08-28,Hydrogen,1837.46,Port of Shanghai
2026-08-28,VLSFO,613.4,Port of Ningbo-Zhoushan
2026-08-28,LSMGO,796.11,Port of Ningbo-Zhoushan
2026-08-28,LNG,527.34,Port of Ningbo-Zhoushan
2026-08-28,Bio-Methanol,511.93,Port of Ningbo-Zhoushan
2026-08-28,Biofuel (B30),766.85,Port of Ningbo-Zhoushan
2026-08-28,Ammonia,741.43,Port of Ningbo-Zhoushan
2026-08-28,Hydrogen,1850.16,Port of Ningbo-Zhoushan
2026-08-28,VLSFO,617.18,Port of Shenzhen
2026-08-28,LSMGO,779.5,Port of Shenzhen
2026-08-28,LNG,534.84,Port of Shenzhen
2026-08-28,Bio-Methanol,510.61,Port of Shenzhen
2026-08-28,Biofuel (B30),768.49,Port of Shenzhen
2026-08-28,Ammonia,731.16,Port of Shenzhen
2026-08-28,Hydrogen,1852.49,Port of Shenzhen
2026-08-28,VLSFO,602.73,Port of Busan
2026-08-28,LSMGO,790.31,Port of Busan
2026-08-28,LNG,549.26,Port of Busan
2026-08-28,Bio-Methanol,508.6,Port of Busan
2026-08-28,Biofuel (B30),780.4,Port of Busan
2026-08-28,Ammonia,738.7,Port of Busan
2026-08-28,Hydrogen,1836.73,Port of Busan
2026-08-28,VLSFO,613.87,Port of Hong Kong
2026-08-28,LSMGO,799.21,Port of Hong Kong
2026-08-28,LNG,546.7,Port of Hong Kong
2026-08-28,Bio-Methanol,506.88,Port of Hong Kong
2026-08-28,Biofuel (B30),789.49,Port of Hong Kong
2026-08-28,Ammonia,747.37,Port of Hong Kong
2026-08-28,Hydrogen,1852.35,Port of Hong Kong
2026-08-28,VLSFO,601.36,Port of Tokyo
2026-08-28,LSMGO,785.34,Port of Tokyo
2026-08-28,LNG,526.91,Port of Tokyo
2026-08-28,Bio-Methanol,524.82,Port of Tokyo
2026-08-28,Biofuel (B30),793.04,Port of Tokyo
2026-08-28,Ammonia,727.07,Port of Tokyo
2026-08-28,Hydrogen,1863.01,Port of Tokyo
2026-08-28,VLSFO,600.95,Port of Yokohama
2026-08-28,LSMGO,787.27,Port of Yokohama
2026-08-28,LNG,548.07,Port of Yokohama
2026-08-28,Bio-Methanol,517.97,Port of Yokohama
2026-08-28,Biofuel (B30),794.35,Port of Yokohama
2026-08-28,Ammonia,744.38,Port of Yokohama
2026-08-28,Hydrogen,1847.61,Port of Yokohama
2026-08-28,VLSFO,629.79,Port of Klang
2026-08-28,LSMGO,786.47,Port of Klang
2026-08-28,LNG,551.09,Port of Klang
2026-08-28,Bio-Methanol,522.2,Port of Klang
2026-08-28,Biofuel (B30),776.27,Port of Klang
2026-08-28,Ammonia,745.48,Port of Klang
2026-08-28,Hydrogen,1854.85,Port of Klang
2026-08-28,VLSFO,616.18,Port of Tanjung Pelepas
2026-08-28,LSMGO,794.61,Port of Tanjung Pelepas
2026-08-28,LNG,535.43,Port of Tanjung Pelepas
2026-08-28,Bio-Methanol,500.35,Port of Tanjung Pelepas
2026-08-28,Biofuel (B30),781.12,Port of Tanjung Pelepas
2026-08-28,Ammonia,740.87,Port of Tanjung Pelepas
2026-08-28,Hydrogen,1856.84,Port of Tanjung Pelepas
2026-08-29,VLSFO,606.68,Port of Singapore
2026-08-29,LSMGO,775.1,Port of Singapore
2026-08-29,LNG,525.68,Port of Singapore
2026-08-29,Bio-Methanol,503.95,Port of Singapore
2026-08-29,Biofuel (B30),785.2,Port of Singapore
2026-08-29,Ammonia,741.33,Port of Singapore
2026-08-29,Hydrogen,1850.96,Port of Singapore
2026-08-29,VLSFO,624.7,Port of Shanghai
2026-08-29,LSMGO,782.43,Port of Shanghai
2026-08-29,LNG,535.38,Port of Shanghai
2026-08-29,Bio-Methanol,503.27,Port of Shanghai
2026-08-29,Biofuel (B30),793.12,Port of Shanghai
2026-08-29,Ammonia,746.75,Port of Shanghai
2026-08-29,Hydrogen,1838.39,Port of Shanghai
2026-08-29,VLSFO,624.28,Port of Ningbo-Zhoushan
2026-08-29,LSMGO,787.58,Port of Ningbo-Zhoushan
2026-08-29,LNG,547.98,Port of Ningbo-Zhoushan
2026-08-29,Bio-Methanol,521.51,Port of Ningbo-Zhoushan
2026-08-29,Biofuel (B30),765.47,Port of Ningbo-Zhoushan
2026-08-29,Ammonia,731.18,Port of Ningbo-Zhoushan
2026-08-29,Hydrogen,1838.03,Port of Ningbo-Zhoushan
2026-08-29,VLSFO,601.01,Port of Shenzhen
2026-08-29,LSMGO,792.93,Port of Shenzhen
2026-08-29,LNG,546.1,Port of Shenzhen
2026-08-29,Bio-Methanol,496.46,Port of Shenzhen
2026-08-29,Biofuel (B30),787.22,Port of Shenzhen
2026-08-29,Ammonia,737.07,Port of Shenzhen
2026-08-29,Hydrogen,1842.03,Port of Shenzhen
2026-08-29,VLSFO,606.52,Port of Busan
2026-08-29,LSMGO,800.91,Port of Busan
2026-08-29,LNG,526.69,Port of Busan
2026-08-29,Bio-Methanol,510.12,Port of Busan
2026-08-29,Biofuel (B30),773.68,Port of Busan
2026-08-29,Ammonia,749.47,Port of Busan
2026-08-29,Hydrogen,1856.95,Port of Busan
2026-08-29,VLSFO,609.57,Port of Hong Kong
2026-08-29,LSMGO,792.94,Port of Hong Kong
2026-08-29,LNG,545.18,Port of Hong Kong
2026-08-29,Bio-Methanol,504.62,Port of Hong Kong
2026-08-29,Biofuel (B30),774.05,Port of Hong Kong
2026-08-29,Ammonia,729.3,Port of Hong Kong
2026-08-29,Hydrogen,1854.81,Port of Hong Kong
2026-08-29,VLSFO,606.63,Port of Tokyo
2026-08-29,LSMGO,784.02,Port of Tokyo
2026-08-29,LNG,526.83,Port of Tokyo
2026-08-29,Bio-Methanol,523.46,Port of Tokyo
2026-08-29,Biofuel (B30),791.39,Port of Tokyo
2026-08-29,Ammonia,752.35,Port of Tokyo
2026-08-29,Hydrogen,1853.78,Port of Tokyo
2026-08-29,VLSFO,612.82,Port of Yokohama
2026-08-29,LSMGO,789.87,Port of Yokohama
2026-08-29,LNG,554.17,Port of Yokohama
2026-08-29,Bio-Methanol,523.25,Port of Yokohama
2026-08-29,Biofuel (B30),785.14,Port of Yokohama
2026-08-29,Ammonia,748.57,Port of Yokohama
2026-08-29,Hydrogen,1844.56,Port of Yokohama
2026-08-29,VLSFO,612.49,Port of Klang
2026-08-29,LSMGO,779.48,Port of Klang
2026-08-29,LNG,536.29,Port of Klang
2026-08-29,Bio-Methanol,517.63,Port of Klang
2026-08-29,Biofuel (B30),779.21,Port of Klang
2026-08-29,Ammonia,750.48,Port of Klang
2026-08-29,Hydrogen,1844.02,Port of Klang
2026-08-29,VLSFO,621.23,Port of Tanjung Pelepas
2026-08-29,LSMGO,799.17,Port of Tanjung Pelepas
2026-08-29,LNG,552.44,Port of Tanjung Pelepas
2026-08-29,Bio-Methanol,511.87,Port of Tanjung Pelepas
2026-08-29,Biofuel (B30),794.03,Port of Tanjung Pelepas
2026-08-29,Ammonia,741.72,Port of Tanjung Pelepas
2026-08-29,Hydrogen,1839.02,Port of Tanjung Pelepas
2026-08-30,VLSFO,607.29,Port of Singapore
2026-08-30,LSMGO,781.1,Port of Singapore
2026-08-30,LNG,544.4,Port of Singapore
2026-08-30,Bio-Methanol,522.67,Port of Singapore
2026-08-30,Biofuel (B30),790.41,Port of Singapore
2026-08-30,Ammonia,727.77,Port of Singapore
2026-08-30,Hydrogen,1856.74,Port of Singapore
2026-08-30,VLSFO,605.71,Port of Shanghai
2026-08-30,LSMGO,783.05,Port of Shanghai
2026-08-30,LNG,545.21,Port of Shanghai
2026-08-30,Bio-Methanol,513.09,Port of Shanghai
2026-08-30,Biofuel (B30),791.21,Port of Shanghai
2026-08-30,Ammonia,730.64,Port of Shanghai
2026-08-30,Hydrogen,1857.85,Port of Shanghai
2026-08-30,VLSFO,621.73,Port of Ningbo-Zhoushan
2026-08-30,LSMGO,791.77,Port of Ningbo-Zhoushan
2026-08-30,LNG,539.38,Port of Ningbo-Zhoushan
2026-08-30,Bio-Methanol,521.08,Port of Ningbo-Zhoushan
2026-08-30,Biofuel (B30),774.99,Port of Ningbo-Zhoushan
2026-08-30,Ammonia,753.71,Port of Ningbo-Zhoushan
2026-08-30,Hydrogen,1835.46,Port of Ningbo-Zhoushan
2026-08-30,VLSFO,628.11,Port of Shenzhen
2026-08-30,LSMGO,803.86,Port of Shenzhen
2026-08-30,LNG,528.52,Port of Shenzhen
2026-08-30,Bio-Methanol,524.99,Port of Shenzhen
2026-08-30,Biofuel (B30),779.37,Port of Shenzhen
2026-08-30,Ammonia,732.28,Port of Shenzhen
2026-08-30,Hydrogen,1853.13,Port of Shenzhen
2026-08-30,VLSFO,606.14,Port of Busan
2026-08-30,LSMGO,802.45,Port of Busan
2026-08-30,LNG,541.56,Port of Busan
2026-08-30,Bio-Methanol,518.27,Port of Busan
2026-08-30,Biofuel (B30),776.42,Port of Busan
2026-08-30,Ammonia,741.01,Port of Busan
2026-08-30,Hydrogen,1845.78,Port of Busan
2026-08-30,VLSFO,607.85,Port of Hong Kong
2026-08-30,LSMGO,790.38,Port of Hong Kong
2026-08-30,LNG,539.92,Port of Hong Kong
2026-08-30,Bio-Methanol,497.96,Port of Hong Kong
2026-08-30,Biofuel (B30),794.44,Port of Hong Kong
2026-08-30,Ammonia,739.08,Port of Hong Kong
2026-08-30,Hydrogen,1860.19,Port of Hong Kong
2026-08-30,VLSFO,627.43,Port of Tokyo
2026-08-30,LSMGO,786.12,Port of Tokyo
2026-08-30,LNG,537.42,Port of Tokyo
2026-08-30,Bio-Methanol,511.88,Port of Tokyo
2026-08-30,Biofuel (B30),771.64,Port of Tokyo
2026-08-30,Ammonia,729.38,Port of Tokyo
2026-08-30,Hydrogen,1842.82,Port of Tokyo
2026-08-30,VLSFO,628.04,Port of Yokohama
2026-08-30,LSMGO,792.37,Port of Yokohama
2026-08-30,LNG,537.53,Port of Yokohama
2026-08-30,Bio-Methanol,499.57,Port of Yokohama
2026-08-30,Biofuel (B30),774.9,Port of Yokohama
2026-08-30,Ammonia,736.4,Port of Yokohama
2026-08-30,Hydrogen,1860.0,Port of Yokohama
2026-08-30,VLSFO,614.98,Port of Klang
2026-08-30,LSMGO,794.64,Port of Klang
2026-08-30,LNG,545.55,Port of Klang
2026-08-30,Bio-Methanol,502.72,Port of Klang
2026-08-30,Biofuel (B30),789.65,Port of Klang
2026-08-30,Ammonia,754.0,Port of Klang
2026-08-30,Hydrogen,1854.25,Port of Klang
2026-08-30,VLSFO,614.72,Port of Tanjung Pelepas
2026-08-30,LSMGO,780.05,Port of Tanjung Pelepas
2026-08-30,LNG,548.85,Port of Tanjung Pelepas
2026-08-30,Bio-Methanol,500.08,Port of Tanjung Pelepas
2026-08-30,Biofuel (B30),786.61,Port of Tanjung Pelepas
2026-08-30,Ammonia,739.65,Port of Tanjung Pelepas
2026-08-30,Hydrogen,1862.51,Port of Tanjung Pelepas
2026-08-31,VLSFO,616.26,Port of Singapore
2026-08-31,LSMGO,794.25,Port of Singapore
2026-08-31,LNG,526.76,Port of Singapore
2026-08-31,Bio-Methanol,496.01,Port of Singapore
2026-08-31,Biofuel (B30),790.4,Port of Singapore
2026-08-31,Ammonia,753.36,Port of Singapore
2026-08-31,Hydrogen,1855.05,Port of Singapore
2026-08-31,VLSFO,622.93,Port of Shanghai
2026-08-31,LSMGO,787.37,Port of Shanghai
2026-08-31,LNG,550.28,Port of Shanghai
2026-08-31,Bio-Methanol,501.94,Port of Shanghai
2026-08-31,Biofuel (B30),786.22,Port of Shanghai
2026-08-31,Ammonia,725.27,Port of Shanghai
2026-08-31,Hydrogen,1850.17,Port of Shanghai
2026-08-31,VLSFO,611.2,Port of Ningbo-Zhoushan
2026-08-31,LSMGO,793.54,Port of Ningbo-Zhoushan
2026-08-31,LNG,545.0,Port of Ningbo-Zhoushan
2026-08-31,Bio-Methanol,513.5,Port of Ningbo-Zhoushan
2026-08-31,Biofuel (B30),779.5,Port of Ningbo-Zhoushan
2026-08-31,Ammonia,739.64,Port of Ningbo-Zhoushan
2026-08-31,Hydrogen,1835.2,Port of Ningbo-Zhoushan
2026-08-31,VLSFO,616.55,Port of Shenzhen
2026-08-31,LSMGO,775.36,Port of Shenzhen
2026-08-31,LNG,540.88,Port of Shenzhen
2026-08-31,Bio-Methanol,503.24,Port of Shenzhen
2026-08-31,Biofuel (B30),794.32,Port of Shenzhen
2026-08-31,Ammonia,725.51,Port of Shenzhen
2026-08-31,Hydrogen,1859.39,Port of Shenzhen
2026-08-31,VLSFO,620.22,Port of Busan
2026-08-31,LSMGO,799.19,Port of Busan
2026-08-31,LNG,552.29,Port of Busan
2026-08-31,Bio-Methanol,498.21,Port of Busan
2026-08-31,Biofuel (B30),767.89,Port of Busan
2026-08-31,Ammonia,729.47,Port of Busan
2026-08-31,Hydrogen,1840.76,Port of Busan
2026-08-31,VLSFO,615.79,Port of Hong Kong
2026-08-31,LSMGO,799.46,Port of Hong Kong
2026-08-31,LNG,533.02,Port of Hong Kong
2026-08-31,Bio-Methanol,506.91,Port of Hong Kong
2026-08-31,Biofuel (B30),776.19,Port of Hong Kong
2026-08-31,Ammonia,737.18,Port of Hong Kong
2026-08-31,Hydrogen,1851.95,Port of Hong Kong
2026-08-31,VLSFO,629.71,Port of Tokyo
2026-08-31,LSMGO,781.78,Port of Tokyo
2026-08-31,LNG,545.52,Port of Tokyo
2026-08-31,Bio-Methanol,520.44,Port of Tokyo
2026-08-31,Biofuel (B30),784.61,Port of Tokyo
2026-08-31,Ammonia,750.75,Port of Tokyo
2026-08-31,Hydrogen,1857.79,Port of Tokyo
2026-08-31,VLSFO,602.81,Port of Yokohama
2026-08-31,LSMGO,786.38,Port of Yokohama
2026-08-31,LNG,541.58,Port of Yokohama
2026-08-31,Bio-Methanol,496.68,Port of Yokohama
2026-08-31,Biofuel (B30),765.28,Port of Yokohama
2026-08-31,Ammonia,730.14,Port of Yokohama
2026-08-31,Hydrogen,1850.0,Port of Yokohama
2026-08-31,VLSFO,613.02,Port of Klang
2026-08-31,LSMGO,798.53,Port of Klang
2026-08-31,LNG,541.98,Port of Klang
2026-08-31,Bio-Methanol,520.74,Port of Klang
2026-08-31,Biofuel (B30),767.86,Port of Klang
2026-08-31,Ammonia,740.84,Port of Klang
2026-08-31,Hydrogen,1836.28,Port of Klang
2026-08-31,VLSFO,606.34,Port of Tanjung Pelepas
2026-08-31,LSMGO,801.04,Port of Tanjung Pelepas
2026-08-31,LNG,551.63,Port of Tanjung Pelepas
2026-08-31,Bio-Methanol,509.27,Port of Tanjung Pelepas
2026-08-31,Biofuel (B30),766.4,Port of Tanjung Pelepas
2026-08-31,Ammonia,727.23,Port of Tanjung Pelepas
2026-08-31,Hydrogen,1862.77,Port of Tanjung Pelepas
2026-09-01,VLSFO,626.98,Port of Singapore
2026-09-01,LSMGO,791.91,Port of Singapore
2026-09-01,LNG,525.99,Port of Singapore
2026-09-01,Bio-Methanol,522.86,Port of Singapore
2026-09-01,Biofuel (B30),774.43,Port of Singapore
2026-09-01,Ammonia,753.84,Port of Singapore
2026-09-01,Hydrogen,1852.61,Port of Singapore
2026-09-01,VLSFO,622.57,Port of Shanghai
2026-09-01,LSMGO,796.38,Port of Shanghai
2026-09-01,LNG,536.95,Port of Shanghai
2026-09-01,Bio-Methanol,497.31,Port of Shanghai
2026-09-01,Biofuel (B30),769.87,Port of Shanghai
2026-09-01,Ammonia,732.21,Port of Shanghai
2026-09-01,Hydrogen,1860.04,Port of Shanghai
2026-09-01,VLSFO,611.67,Port of Ningbo-Zhoushan
2026-09-01,LSMGO,801.9,Port of Ningbo-Zhoushan
2026-09-01,LNG,534.95,Port of Ningbo-Zhoushan
2026-09-01,Bio-Methanol,517.67,Port of Ningbo-Zhoushan
2026-09-01,Biofuel (B30),769.2,Port of Ningbo-Zhoushan
2026-09-01,Ammonia,754.65,Port of Ningbo-Zhoushan
2026-09-01,Hydrogen,1856.72,Port of Ningbo-Zhoushan
2026-09-01,VLSFO,615.02,Port of Shenzhen
2026-09-01,LSMGO,804.23,Port of Shenzhen
2026-09-01,LNG,526.61,Port of Shenzhen
2026-09-01,Bio-Methanol,508.11,Port of Shenzhen
2026-09-01,Biofuel (B30),790.16,Port of Shenzhen
2026-09-01,Ammonia,735.22,Port of Shenzhen
2026-09-01,Hydrogen,1858.07,Port of Shenzhen
2026-09-01,VLSFO,628.65,Port of Busan
2026-09-01,LSMGO,786.9,Port of Busan
2026-09-01,LNG,548.21,Port of Busan
2026-09-01,Bio-Methanol,495.89,Port of Busan
2026-09-01,Biofuel (B30),773.2,Port of Busan
2026-09-01,Ammonia,754.78,Port of Busan
2026-09-01,Hydrogen,1849.72,Port of Busan
2026-09-01,VLSFO,610.67,Port of Hong Kong
2026-09-01,LSMGO,803.23,Port of Hong Kong
2026-09-01,LNG,537.96,Port of Hong Kong
2026-09-01,Bio-Methanol,515.39,Port of Hong Kong
2026-09-01,Biofuel (B30),784.82,Port of Hong Kong
2026-09-01,Ammonia,727.57,Port of Hong Kong
2026-09-01,Hydrogen,1853.56,Port of Hong Kong
2026-09-01,VLSFO,623.94,Port of Tokyo
2026-09-01,LSMGO,796.39,Port of Tokyo
2026-09-01,LNG,527.46,Port of Tokyo
2026-09-01,Bio-Methanol,499.63,Port of Tokyo
2026-09-01,Biofuel (B30),786.35,Port of Tokyo
2026-09-01,Ammonia,744.02,Port of Tokyo
2026-09-01,Hydrogen,1857.19,Port of Tokyo
2026-09-01,VLSFO,609.5,Port of Yokohama
2026-09-01,LSMGO,778.2,Port of Yokohama
2026-09-01,LNG,525.16,Port of Yokohama
2026-09-01,Bio-Methanol,504.25,Port of Yokohama
2026-09-01,Biofuel (B30),775.8,Port of Yokohama
2026-09-01,Ammonia,733.09,Port of Yokohama
2026-09-01,Hydrogen,1838.98,Port of Yokohama
2026-09-01,VLSFO,605.62,Port of Klang
2026-09-01,LSMGO,788.47,Port of Klang
2026-09-01,LNG,541.64,Port of Klang
2026-09-01,Bio-Methanol,507.24,Port of Klang
2026-09-01,Biofuel (B30),765.79,Port of Klang
2026-09-01,Ammonia,735.62,Port of Klang
2026-09-01,Hydrogen,1837.79,Port of Klang
2026-09-01,VLSFO,617.94,Port of Tanjung Pelepas
2026-09-01,LSMGO,784.73,Port of Tanjung Pelepas
2026-09-01,LNG,536.56,Port of Tanjung Pelepas
2026-09-01,Bio-Methanol,503.76,Port of Tanjung Pelepas
2026-09-01,Biofuel (B30),776.63,Port of Tanjung Pelepas
2026-09-01,Ammonia,727.54,Port of Tanjung Pelepas
2026-09-01,Hydrogen,1862.03,Port of Tanjung Pelepas
2026-09-02,VLSFO,627.16,Port of Singapore
2026-09-02,LSMGO,804.35,Port of Singapore
2026-09-02,LNG,542.16,Port of Singapore
2026-09-02,Bio-Methanol,500.09,Port of Singapore
2026-09-02,Biofuel (B30),776.42,Port of Singapore
2026-09-02,Ammonia,729.17,Port of Singapore
2026-09-02,Hydrogen,1844.03,Port of Singapore
2026-09-02,VLSFO,614.79,Port of Shanghai
2026-09-02,LSMGO,776.9,Port of Shanghai
2026-09-02,LNG,538.04,Port of Shanghai
2026-09-02,Bio-Methanol,507.63,Port of Shanghai
2026-09-02,Biofuel (B30),779.53,Port of Shanghai
2026-09-02,Ammonia,727.31,Port of Shanghai
2026-09-02,Hydrogen,1842.55,Port of Shanghai
2026-09-02,VLSFO,607.4,Port of Ningbo-Zhoushan
2026-09-02,LSMGO,793.75,Port of Ningbo-Zhoushan
2026-09-02,LNG,542.81,Port of Ningbo-Zhoushan
2026-09-02,Bio-Methanol,500.87,Port of Ningbo-Zhoushan
2026-09-02,Biofuel (B30),768.21,Port of Ningbo-Zhoushan
2026-09-02,Ammonia,734.14,Port of Ningbo-Zhoushan
2026-09-02,Hydrogen,1863.46,Port of Ningbo-Zhoushan
2026-09-02,VLSFO,609.97,Port of Shenzhen
2026-09-02,LSMGO,793.61,Port of Shenzhen
2026-09-02,LNG,549.12,Port of Shenzhen
2026-09-02,Bio-Methanol,504.89,Port of Shenzhen
2026-09-02,Biofuel (B30),775.04,Port of Shenzhen
2026-09-02,Ammonia,749.46,Port of Shenzhen
2026-09-02,Hydrogen,1860.79,Port of Shenzhen
2026-09-02,VLSFO,629.23,Port of Busan
2026-09-02,LSMGO,779.08,Port of Busan
2026-09-02,LNG,534.62,Port of Busan
2026-09-02,Bio-Methanol,523.42,Port of Busan
2026-09-02,Biofuel (B30),771.03,Port of Busan
2026-09-02,Ammonia,734.43,Port of Busan
2026-09-02,Hydrogen,1863.94,Port of Busan
2026-09-02,VLSFO,629.06,Port of Hong Kong
2026-09-02,LSMGO,783.74,Port of Hong Kong
2026-09-02,LNG,545.85,Port of Hong Kong
2026-09-02,Bio-Methanol,509.73,Port of Hong Kong
2026-09-02,Biofuel (B30),782.28,Port of Hong Kong
2026-09-02,Ammonia,732.27,Port of Hong Kong
2026-09-02,Hydrogen,1846.28,Port of Hong Kong
2026-09-02,VLSFO,624.49,Port of Tokyo
2026-09-02,LSMGO,786.79,Port of Tokyo
2026-09-02,LNG,528.42,Port of Tokyo
2026-09-02,Bio-Methanol,511.92,Port of Tokyo
2026-09-02,Biofuel (B30),782.77,Port of Tokyo
2026-09-02,Ammonia,741.37,Port of Tokyo
2026-09-02,Hydrogen,1855.45,Port of Tokyo
2026-09-02,VLSFO,616.5,Port of Yokohama
2026-09-02,LSMGO,803.59,Port of Yokohama
2026-09-02,LNG,538.85,Port of Yokohama
2026-09-02,Bio-Methanol,516.25,Port of Yokohama
2026-09-02,Biofuel (B30),778.15,Port of Yokohama
2026-09-02,Ammonia,733.74,Port of Yokohama
2026-09-02,Hydrogen,1855.79,Port of Yokohama
2026-09-02,VLSFO,624.57,Port of Klang
2026-09-02,LSMGO,798.87,Port of Klang
2026-09-02,LNG,537.27,Port of Klang
2026-09-02,Bio-Methanol,509.98,Port of Klang
2026-09-02,Biofuel (B30),784.0,Port of Klang
2026-09-02,Ammonia,732.26,Port of Klang
2026-09-02,Hydrogen,1854.76,Port of Klang
2026-09-02,VLSFO,621.46,Port of Tanjung Pelepas
2026-09-02,LSMGO,798.67,Port of Tanjung Pelepas
2026-09-02,LNG,527.22,Port of Tanjung Pelepas
2026-09-02,Bio-Methanol,524.72,Port of Tanjung Pelepas
2026-09-02,Biofuel (B30),779.38,Port of Tanjung Pelepas
2026-09-02,Ammonia,737.02,Port of Tanjung Pelepas
2026-09-02,Hydrogen,1850.2,Port of Tanjung Pelepas
2026-09-03,VLSFO,627.61,Port of Singapore
2026-09-03,LSMGO,795.75,Port of Singapore
2026-09-03,LNG,541.31,Port of Singapore
2026-09-03,Bio-Methanol,518.72,Port of Singapore
2026-09-03,Biofuel (B30),775.79,Port of Singapore
2026-09-03,Ammonia,751.87,Port of Singapore
2026-09-03,Hydrogen,1851.11,Port of Singapore
2026-09-03,VLSFO,619.15,Port of Shanghai
2026-09-03,LSMGO,777.55,Port of Shanghai
2026-09-03,LNG,548.07,Port of Shanghai
2026-09-03,Bio-Methanol,514.73,Port of Shanghai
2026-09-03,Biofuel (B30),775.65,Port of Shanghai
2026-09-03,Ammonia,744.41,Port of Shanghai
2026-09-03,Hydrogen,1836.33,Port of Shanghai
2026-09-03,VLSFO,629.51,Port of Ningbo-Zhoushan
2026-09-03,LSMGO,795.32,Port of Ningbo-Zhoushan
2026-09-03,LNG,536.99,Port of Ningbo-Zhoushan
2026-09-03,Bio-Methanol,517.58,Port of Ningbo-Zhoushan
2026-09-03,Biofuel (B30),793.97,Port of Ningbo-Zhoushan
2026-09-03,Ammonia,737.91,Port of Ningbo-Zhoushan
2026-09-03,Hydrogen,1835.32,Port of Ningbo-Zhoushan
2026-09-03,VLSFO,607.76,Port of Shenzhen
2026-09-03,LSMGO,790.32,Port of Shenzhen
2026-09-03,LNG,540.56,Port of Shenzhen
2026-09-03,Bio-Methanol,512.42,Port of Shenzhen
2026-09-03,Biofuel (B30),782.26,Port of Shenzhen
2026-09-03,Ammonia,738.37,Port of Shenzhen
2026-09-03,Hydrogen,1846.73,Port of Shenzhen
2026-09-03,VLSFO,623.17,Port of Busan
2026-09-03,LSMGO,792.66,Port of Busan
2026-09-03,LNG,540.01,Port of Busan
2026-09-03,Bio-Methanol,505.35,Port of Busan
2026-09-03,Biofuel (B30),765.74,Port of Busan
2026-09-03,Ammonia,728.14,Port of Busan
2026-09-03,Hydrogen,1847.48,Port of Busan
2026-09-03,VLSFO,628.85,Port of Hong Kong
2026-09-03,LSMGO,778.48,Port of Hong Kong
2026-09-03,LNG,553.22,Port of Hong Kong
2026-09-03,Bio-Methanol,499.25,Port of Hong Kong
2026-09-03,Biofuel (B30),774.36,Port of Hong Kong
2026-09-03,Ammonia,738.66,Port of Hong Kong
2026-09-03,Hydrogen,1841.21,Port of Hong Kong
2026-09-03,VLSFO,614.49,Port of Tokyo
2026-09-03,LSMGO,789.28,Port of Tokyo
2026-09-03,LNG,538.14,Port of Tokyo
2026-09-03,Bio-Methanol,515.9,Port of Tokyo
2026-09-03,Biofuel (B30),774.57,Port of Tokyo
2026-09-03,Ammonia,734.01,Port of Tokyo
2026-09-03,Hydrogen,1859.31,Port of Tokyo
2026-09-03,VLSFO,603.45,Port of Yokohama
2026-09-03,LSMGO,800.48,Port of Yokohama
2026-09-03,LNG,544.44,Port of Yokohama
2026-09-03,Bio-Methanol,515.31,Port of Yokohama
2026-09-03,Biofuel (B30),769.93,Port of Yokohama
2026-09-03,Ammonia,754.52,Port of Yokohama
2026-09-03,Hydrogen,1842.32,Port of Yokohama
2026-09-03,VLSFO,605.23,Port of Klang
2026-09-03,LSMGO,779.8,Port of Klang
2026-09-03,LNG,541.8,Port of Klang
2026-09-03,Bio-Methanol,523.75,Port of Klang
2026-09-03,Biofuel (B30),771.96,Port of Klang
2026-09-03,Ammonia,737.15,Port of Klang
2026-09-03,Hydrogen,1840.53,Port of Klang
2026-09-03,VLSFO,619.21,Port of Tanjung Pelepas
2026-09-03,LSMGO,787.96,Port of Tanjung Pelepas
2026-09-03,LNG,525.88,Port of Tanjung Pelepas
2026-09-03,Bio-Methanol,513.42,Port of Tanjung Pelepas
2026-09-03,Biofuel (B30),770.92,Port of Tanjung Pelepas
2026-09-03,Ammonia,742.77,Port of Tanjung Pelepas
2026-09-03,Hydrogen,1846.67,Port of Tanjung Pelepas
2026-09-04,VLSFO,621.14,Port of Singapore
2026-09-04,LSMGO,781.17,Port of Singapore
2026-09-04,LNG,547.57,Port of Singapore
2026-09-04,Bio-Methanol,519.26,Port of Singapore
2026-09-04,Biofuel (B30),766.88,Port of Singapore
2026-09-04,Ammonia,728.05,Port of Singapore
2026-09-04,Hydrogen,1861.16,Port of Singapore
2026-09-04,VLSFO,605.61,Port of Shanghai
2026-09-04,LSMGO,784.78,Port of Shanghai
2026-09-04,LNG,538.73,Port of Shanghai
2026-09-04,Bio-Methanol,502.87,Port of Shanghai
2026-09-04,Biofuel (B30),790.88,Port of Shanghai
2026-09-04,Ammonia,740.83,Port of Shanghai
2026-09-04,Hydrogen,1854.17,Port of Shanghai
2026-09-04,VLSFO,617.91,Port of Ningbo-Zhoushan
2026-09-04,LSMGO,793.34,Port of Ningbo-Zhoushan
2026-09-04,LNG,542.61,Port of Ningbo-Zhoushan
2026-09-04,Bio-Methanol,505.44,Port of Ningbo-Zhoushan
2026-09-04,Biofuel (B30),790.37,Port of Ningbo-Zhoushan
2026-09-04,Ammonia,743.52,Port of Ningbo-Zhoushan
2026-09-04,Hydrogen,1859.41,Port of Ningbo-Zhoushan
2026-09-04,VLSFO,621.18,Port of Shenzhen
2026-09-04,LSMGO,783.92,Port of Shenzhen
2026-09-04,LNG,543.43,Port of Shenzhen
2026-09-04,Bio-Methanol,497.54,Port of Shenzhen
2026-09-04,Biofuel (B30),769.02,Port of Shenzhen
2026-09-04,Ammonia,728.54,Port of Shenzhen
2026-09-04,Hydrogen,1844.16,Port of Shenzhen
2026-09-04,VLSFO,605.49,Port of Busan
2026-09-04,LSMGO,795.8,Port of Busan
2026-09-04,LNG,540.32,Port of Busan
2026-09-04,Bio-Methanol,507.55,Port of Busan
2026-09-04,Biofuel (B30),769.14,Port of Busan
2026-09-04,Ammonia,736.51,Port of Busan
2026-09-04,Hydrogen,1840.57,Port of Busan
2026-09-04,VLSFO,619.07,Port of Hong Kong
2026-09-04,LSMGO,795.8,Port of Hong Kong
2026-09-04,LNG,544.36,Port of Hong Kong
2026-09-04,Bio-Methanol,525.0,Port of Hong Kong
2026-09-04,Biofuel (B30),781.65,Port of Hong Kong
2026-09-04,Ammonia,739.69,Port of Hong Kong
2026-09-04,Hydrogen,1839.21,Port of Hong Kong
2026-09-04,VLSFO,609.44,Port of Tokyo
2026-09-04,LSMGO,788.53,Port of Tokyo
2026-09-04,LNG,526.61,Port of Tokyo
2026-09-04,Bio-Methanol,505.77,Port of Tokyo
2026-09-04,Biofuel (B30),765.29,Port of Tokyo
2026-09-04,Ammonia,729.1,Port of Tokyo
2026-09-04,Hydrogen,1859.46,Port of Tokyo
2026-09-04,VLSFO,628.91,Port of Yokohama
2026-09-04,LSMGO,790.16,Port of Yokohama
2026-09-04,LNG,539.85,Port of Yokohama
2026-09-04,Bio-Methanol,515.54,Port of Yokohama
2026-09-04,Biofuel (B30),777.47,Port of Yokohama
2026-09-04,Ammonia,750.2,Port of Yokohama
2026-09-04,Hydrogen,1849.66,Port of Yokohama
2026-09-04,VLSFO,602.48,Port of Klang
2026-09-04,LSMGO,775.93,Port of Klang
2026-09-04,LNG,547.83,Port of Klang
2026-09-04,Bio-Methanol,503.76,Port of Klang
2026-09-04,Biofuel (B30),773.25,Port of Klang
2026-09-04,Ammonia,741.13,Port of Klang
2026-09-04,Hydrogen,1840.05,Port of Klang
2026-09-04,VLSFO,613.72,Port of Tanjung Pelepas
2026-09-04,LSMGO,797.28,Port of Tanjung Pelepas
2026-09-04,LNG,547.98,Port of Tanjung Pelepas
2026-09-04,Bio-Methanol,511.49,Port of Tanjung Pelepas
2026-09-04,Biofuel (B30),768.4,Port of Tanjung Pelepas
2026-09-04,Ammonia,728.43,Port of Tanjung Pelepas
2026-09-04,Hydrogen,1858.25,Port of Tanjung Pelepas
