Date,Latitude,Longitude,Wind_Speed,Wave_Height,Temperature,Visibility,Pressure,Ocean_Current
2026-01-01,-0.1464,102.6163,22.5,1.6,29.4,11.7,1023.3,0.36
2026-01-01,33.567,121.4766,27.2,2.19,14.1,7.4,1020.6,0.5
2026-01-01,28.0701,120.9992,21.4,2.97,16.9,9.5,1016.5,1.91
2026-01-01,22.4686,114.8441,14.0,2.38,17.3,9.2,1017.8,0.57
2026-01-01,36.7665,129.0131,25.9,1.77,14.2,12.1,1007.1,2.32
2026-01-01,21.6192,111.3958,14.3,1.91,17.6,9.6,1020.0,0.62
2026-01-01,36.7367,140.4104,17.1,2.8,13.1,8.0,1006.5,1.5
2026-01-01,33.4458,141.5811,17.5,2.04,15.9,11.8,1005.1,2.15
2026-01-01,5.9728,100.4564,24.1,1.54,24.4,14.6,1022.5,1.09
2026-01-01,-0.2675,104.912,10.3,2.05,28.3,8.4,1006.0,1.63
2026-01-01,19.8515,122.5607,15.0,2.15,18.5,15.0,1014.9,1.64
2026-01-01,-36.7503,152.3478,20.0,2.26,13.9,10.8,999.6,1.73
2026-01-01,-37.0317,143.7698,24.2,2.75,12.7,11.8,999.1,2.03
2026-01-01,16.5794,74.2641,12.2,1.36,20.0,8.6,1001.0,0.78
2026-01-01,13.2216,78.4807,21.7,1.6,21.0,11.0,1001.2,2.25
2026-01-02,0.2739,100.8684,19.5,2.35,29.2,12.4,999.5,0.4
2026-01-02,31.3006,122.8151,13.9,1.93,14.8,14.9,1003.9,1.22
2026-01-02,27.4672,119.5922,12.3,1.9,18.5,9.5,1017.2,0.41
2026-01-02,24.0923,111.3332,25.7,2.46,17.3,9.9,1008.1,1.57
2026-01-02,37.4505,126.6333,26.8,1.94,13.0,14.7,1003.2,1.05
2026-01-02,24.4233,115.9688,22.3,2.7,17.0,12.6,996.8,2.27
2026-01-02,33.6326,139.1465,22.5,2.91,15.6,8.5,1006.4,0.99
2026-01-02,32.6166,140.7448,26.6,3.18,13.8,14.4,998.4,1.1
2026-01-02,0.2758,99.9697,13.4,2.0,28.6,13.1,1012.3,1.44
2026-01-02,4.2294,104.5681,14.3,1.78,27.2,7.8,1014.9,0.75
2026-01-02,21.7018,121.3592,17.4,2.71,19.8,14.9,996.6,1.62
2026-01-02,-35.9272,153.3024,27.3,3.08,12.3,10.9,1002.2,2.33
2026-01-02,-40.5115,143.2993,24.3,2.39,11.2,10.7,1019.0,1.19
2026-01-02,21.0894,72.6339,12.8,2.11,20.4,7.8,1007.4,1.43
2026-01-02,10.0837,77.8161,19.6,2.08,23.3,11.1,1001.2,1.68
2026-01-03,3.9924,103.032,9.5,1.27,26.3,11.5,1013.6,1.24
2026-01-03,32.1734,122.7692,14.2,2.81,14.4,9.7,1019.9,2.32
2026-01-03,28.6202,121.6759,23.8,1.51,15.5,8.1,1016.5,1.79
2026-01-03,20.1849,114.723,13.9,2.83,19.7,10.7,1018.4,1.78
2026-01-03,32.8262,128.5624,28.1,2.95,15.6,13.2,1008.5,1.65
2026-01-03,25.0564,111.9772,19.8,2.26,16.5,14.5,1020.2,1.26
2026-01-03,35.7262,142.1773,15.8,2.58,15.0,8.0,1006.6,1.52
2026-01-03,37.7399,139.6627,19.6,3.3,15.0,13.1,1003.2,2.32
2026-01-03,5.8229,101.1171,11.0,1.63,26.5,13.0,1004.0,1.74
2026-01-03,3.5262,104.8202,24.4,1.95,25.4,12.0,1003.7,0.96
2026-01-03,23.6615,123.1894,22.2,2.95,18.8,12.6,1004.7,0.45
2026-01-03,-34.7554,151.0915,22.3,2.71,14.2,13.0,1020.2,0.83
2026-01-03,-35.7298,146.8129,21.7,1.64,12.7,12.4,1001.0,1.85
2026-01-03,16.9155,71.6712,14.5,2.6,22.2,9.4,1017.6,0.27
2026-01-03,14.9669,77.8856,24.8,2.39,23.6,12.9,1011.8,0.72
2026-01-04,2.9961,105.6449,13.3,2.0,28.5,10.1,1023.7,2.35
2026-01-04,30.1063,121.7864,12.2,1.9,16.8,13.2,1021.1,2.03
2026-01-04,32.3372,122.7718,23.3,2.8,15.6,11.8,1018.3,2.32
2026-01-04,21.3082,112.1225,22.4,1.59,18.4,11.1,1006.3,1.14
2026-01-04,35.5192,126.856,22.7,2.02,13.5,12.7,999.6,0.54
2026-01-04,21.2551,111.4745,26.7,2.32,20.4,10.9,1012.2,0.99
2026-01-04,37.3804,138.5575,16.7,1.94,11.7,11.0,1007.5,1.38
2026-01-04,32.9954,137.9652,16.0,2.1,14.6,8.7,1017.6,1.37
2026-01-04,5.9798,103.3421,25.5,0.95,26.4,10.6,1022.1,1.55
2026-01-04,2.0888,106.3024,19.9,1.39,28.9,14.6,1006.6,1.39
2026-01-04,21.3243,122.7694,24.8,1.91,20.9,10.6,996.3,2.18
2026-01-04,-35.7137,151.2927,28.9,1.88,15.9,11.3,995.2,0.34
2026-01-04,-36.7916,146.6046,27.6,2.34,12.1,11.3,1016.1,2.35
2026-01-04,20.6011,73.8309,26.7,2.53,18.6,10.7,1005.0,0.39
2026-01-04,10.4083,82.036,18.9,2.01,22.9,9.1,1006.6,1.59
2026-01-05,0.8884,100.9533,19.6,1.73,28.2,11.9,1017.7,1.49
2026-01-05,32.4357,118.9092,28.1,1.7,16.5,9.4,997.6,1.88
2026-01-05,29.4944,120.9147,23.2,2.26,16.7,8.1,1006.7,1.95
2026-01-05,22.8174,116.8187,13.5,2.46,20.8,13.4,1016.9,1.02
2026-01-05,37.8764,129.3967,22.5,1.85,11.3,11.8,1011.1,2.28
2026-01-05,21.1474,115.6592,26.2,1.85,19.4,12.2,1010.4,0.55
2026-01-05,34.0009,141.6588,15.8,1.86,16.0,13.8,1020.5,2.25
2026-01-05,38.4096,139.4056,22.5,2.15,11.3,7.8,1016.8,1.27
2026-01-05,1.9851,99.1693,19.4,1.01,27.7,14.2,1004.5,1.19
2026-01-05,2.0601,102.3831,18.2,1.81,26.7,9.5,1007.8,0.21
2026-01-05,21.1044,118.6306,23.4,2.01,21.2,8.1,1017.0,2.13
2026-01-05,-34.0917,150.3617,17.7,2.5,13.4,11.9,1020.3,2.09
2026-01-05,-39.9736,145.1948,17.8,3.2,10.8,7.6,995.6,1.32
2026-01-05,16.1371,73.4428,17.0,2.16,23.3,11.4,1011.3,2.4
2026-01-05,12.9153,81.9219,15.9,1.47,24.1,12.9,1003.7,1.22
2026-01-06,1.3527,103.2327,16.7,1.96,28.9,13.5,1013.4,0.56
2026-01-06,31.3152,121.151,15.2,3.11,16.5,14.7,1017.1,1.26
2026-01-06,29.0211,119.8569,20.2,1.55,16.2,7.3,1001.2,2.2
2026-01-06,21.7106,113.8759,18.6,1.36,21.5,9.6,1016.1,1.35
2026-01-06,37.1575,131.0848,17.4,2.55,12.2,12.2,1006.0,1.64
2026-01-06,24.3321,114.2694,17.6,2.88,18.6,9.8,1021.0,1.27
2026-01-06,35.5689,140.2756,21.3,1.83,12.8,7.6,1014.3,0.67
2026-01-06,33.5651,138.8113,24.7,1.75,13.9,13.5,1016.6,1.26
2026-01-06,2.8729,99.6642,11.1,2.28,25.0,7.3,1012.2,0.55
2026-01-06,2.1392,100.7841,18.0,0.94,26.2,8.4,1023.7,1.52
2026-01-06,23.0089,117.4131,23.3,2.44,18.2,7.7,1008.5,2.38
2026-01-06,-31.665,149.2327,26.3,2.53,16.9,13.6,1000.5,1.65
2026-01-06,-39.2265,146.3082,19.1,2.44,13.1,8.8,1006.6,0.44
2026-01-06,17.164,75.1091,18.9,1.9,19.9,7.8,1009.3,1.55
2026-01-06,10.3169,81.9739,17.9,1.23,23.9,8.0,1013.1,2.02
2026-01-07,3.6721,105.5012,19.5,1.77,26.1,7.3,1010.9,0.7
2026-01-07,33.0442,123.211,18.9,2.54,16.1,13.1,1015.9,0.41
2026-01-07,27.6716,121.4068,15.6,2.88,16.4,14.0,1007.3,0.62
2026-01-07,23.798,115.7944,21.0,1.53,16.8,12.2,1015.6,0.89
2026-01-07,34.3532,127.0043,23.7,1.99,16.1,10.4,1006.0,0.81
2026-01-07,23.4029,115.6992,18.1,2.65,18.8,10.0,1011.6,0.76
2026-01-07,34.5161,138.7164,24.6,2.82,16.0,12.3,1017.4,1.18
2026-01-07,36.6396,137.6088,16.5,2.3,13.1,11.4,1015.9,1.75
2026-01-07,0.9644,104.1874,8.2,0.98,26.2,14.4,1008.1,0.34
2026-01-07,-0.3074,101.0292,8.7,1.46,29.8,11.9,1010.6,1.77
2026-01-07,23.2121,122.9757,25.0,2.4,18.7,8.6,1014.7,1.97
2026-01-07,-35.1528,148.411,22.9,2.46,13.3,8.4,996.1,0.73
2026-01-07,-40.8119,142.9078,30.4,3.03,11.5,10.2,1012.6,1.34
2026-01-07,20.3715,70.3632,12.2,1.74,21.4,14.3,1005.4,2.32
2026-01-07,11.7417,80.9089,12.9,2.64,23.7,9.1,1007.2,0.43
2026-01-08,-1.2754,102.6175,24.3,2.19,29.3,14.0,1019.4,1.46
2026-01-08,32.3956,124.27,21.9,2.83,16.4,14.7,1008.8,1.21
2026-01-08,30.3893,118.7081,14.0,1.59,16.7,15.0,1015.3,0.71
2026-01-08,21.4375,116.7906,19.6,1.29,21.0,9.0,997.8,1.68
2026-01-08,37.106,126.5318,28.8,2.43,13.0,14.2,1003.1,2.28
2026-01-08,23.4179,116.629,19.6,1.66,19.8,14.0,1001.2,0.65
2026-01-08,34.1744,140.3619,15.2,1.74,16.4,12.4,1014.9,1.55
2026-01-08,37.0292,139.8868,13.7,2.44,14.1,10.9,1024.6,2.17
2026-01-08,5.2126,101.3448,25.4,2.47,25.1,8.8,1012.3,0.32
2026-01-08,3.1576,103.4189,17.6,1.72,26.3,12.5,1000.2,2.35
2026-01-08,23.8168,120.0618,22.9,1.35,17.6,11.6,1004.8,1.55
2026-01-08,-35.3106,151.5007,16.7,2.39,14.7,9.9,1010.0,0.66
2026-01-08,-36.6093,144.197,27.4,2.09,12.5,8.0,1012.3,0.7
2026-01-08,16.5491,71.5712,14.2,1.9,21.1,8.2,1023.8,0.53
2026-01-08,14.9167,78.3303,18.5,2.82,23.6,11.1,1016.6,1.93
2026-01-09,0.0905,104.2248,17.7,1.48,28.7,7.5,1019.4,1.25
2026-01-09,32.0096,121.1728,18.0,2.12,15.8,14.5,1002.7,0.24
2026-01-09,27.5957,123.7482,28.1,1.75,17.6,12.2,1000.2,1.92
2026-01-09,21.6738,115.0971,19.2,2.53,21.1,10.0,1003.6,1.59
2026-01-09,33.0487,127.0811,26.1,2.11,15.7,11.6,1020.5,0.36
2026-01-09,20.2913,112.5387,16.1,1.75,19.2,12.2,1003.1,1.18
2026-01-09,37.853,138.8293,23.0,3.28,12.9,8.5,995.7,1.8
2026-01-09,36.4158,142.2806,24.8,1.75,12.5,7.8,996.9,2.13
2026-01-09,3.2906,98.5582,15.2,2.17,25.1,9.1,999.7,1.64
2026-01-09,3.6748,102.4052,12.7,1.36,27.1,8.1,1020.2,0.26
2026-01-09,23.6086,122.4636,16.7,2.13,20.7,11.3,1003.2,1.18
2026-01-09,-31.0515,152.395,15.1,2.51,16.4,12.1,1011.9,1.35
2026-01-09,-36.9764,143.8211,18.8,2.54,14.8,10.5,1006.0,0.77
2026-01-09,17.7713,69.9521,24.2,2.64,20.5,10.8,995.2,2.23
2026-01-09,15.7644,80.1331,10.3,1.88,21.0,8.8,995.2,1.02
2026-01-10,0.7607,104.2153,14.8,1.09,28.7,10.1,1006.4,0.78
2026-01-10,30.7639,119.9111,25.1,3.03,17.3,12.5,1003.5,1.83
2026-01-10,31.7212,121.0214,26.7,1.82,14.8,12.1,1013.5,0.8
2026-01-10,23.2796,112.1846,11.4,1.4,19.1,8.5,998.1,0.79
2026-01-10,36.4708,130.4382,16.8,1.87,13.8,9.7,1004.3,1.96
2026-01-10,25.3071,113.9515,24.8,1.92,19.5,14.6,996.7,1.91
2026-01-10,33.1045,139.4712,15.7,2.97,16.4,13.6,998.7,1.89
2026-01-10,33.9375,141.2654,20.1,2.81,12.9,10.7,1018.1,1.35
2026-01-10,5.8927,101.237,20.4,1.46,25.0,12.0,996.3,2.26
2026-01-10,1.4876,102.0689,19.1,1.17,29.0,13.9,1001.5,0.45
2026-01-10,23.4248,119.2485,14.0,1.79,17.4,13.3,995.3,0.29
2026-01-10,-32.1679,151.0609,22.4,2.15,13.8,8.3,997.7,1.56
2026-01-10,-35.2285,147.9449,23.3,1.68,14.9,12.6,1018.7,0.48
2026-01-10,17.3459,75.8416,23.7,2.47,22.5,10.5,1000.8,1.72
2026-01-10,12.2317,78.0791,24.9,1.9,23.0,9.4,1015.9,0.62
2026-01-11,-0.59,102.9379,20.5,1.28,29.1,14.3,1011.6,0.35
2026-01-11,29.1606,120.2477,16.4,2.07,14.7,12.1,1006.4,0.61
2026-01-11,26.9806,123.685,24.8,1.81,18.4,12.3,1011.2,1.05
2026-01-11,22.6875,114.0432,20.4,2.35,18.5,12.1,998.3,1.35
2026-01-11,32.5797,131.0868,14.6,3.01,14.1,10.9,998.0,1.46
2026-01-11,24.3371,115.1169,20.2,2.53,17.6,9.9,1013.2,0.36
2026-01-11,38.2575,137.9027,21.5,3.16,11.4,13.4,996.8,1.43
2026-01-11,38.0732,139.1337,19.4,2.85,14.5,9.1,996.2,0.35
2026-01-11,1.8234,104.0676,24.6,1.01,28.2,11.3,1000.7,1.36
2026-01-11,-0.1454,104.301,11.1,2.08,27.6,7.8,1014.2,0.99
2026-01-11,22.3796,121.2929,26.0,1.58,18.0,10.2,1005.1,0.55
2026-01-11,-30.8782,150.8674,18.1,2.02,18.0,9.6,1006.2,1.88
2026-01-11,-38.2301,146.3183,23.4,2.61,12.0,13.1,1022.8,0.76
2026-01-11,21.7198,72.6365,17.6,2.52,21.5,11.8,1010.5,2.39
2026-01-11,11.8937,79.0727,13.4,2.52,21.5,13.6,1015.7,0.81
2026-01-12,1.6122,104.1899,24.0,1.1,25.5,9.8,999.2,1.01
2026-01-12,31.7234,119.8717,26.0,1.66,15.3,14.3,1017.0,1.79
2026-01-12,31.6257,119.5814,26.3,2.68,16.0,14.3,1012.9,0.86
2026-01-12,23.9278,114.5156,12.5,1.43,19.8,9.8,1019.5,1.12
2026-01-12,37.3866,131.2943,16.8,2.74,13.9,7.1,1018.3,1.04
2026-01-12,21.148,111.4165,20.0,1.52,19.8,8.8,996.5,1.81
2026-01-12,35.0335,139.324,22.8,2.44,13.3,9.3,1006.8,0.49
2026-01-12,32.939,140.0666,13.2,2.21,13.5,11.0,1018.2,0.49
2026-01-12,0.8092,101.7558,16.4,1.93,26.5,11.9,1017.1,0.74
2026-01-12,-1.2081,105.2096,13.7,2.4,25.9,12.4,1007.7,0.97
2026-01-12,21.5517,120.8647,11.3,1.8,21.6,11.9,1024.7,1.17
2026-01-12,-35.9939,148.4786,26.7,1.94,13.5,13.1,1020.6,0.45
2026-01-12,-40.4864,147.6567,29.2,3.18,13.5,7.1,1015.8,0.44
2026-01-12,18.6503,70.088,14.0,2.13,19.6,11.2,1002.8,1.26
2026-01-12,14.4622,78.1188,21.8,1.15,22.7,12.3,996.3,0.57
2026-01-13,-0.0056,105.5871,18.5,0.89,28.6,7.1,1006.7,0.8
2026-01-13,33.3429,122.4343,27.1,1.57,16.5,12.2,1001.9,1.04
2026-01-13,32.728,119.1416,17.7,3.0,15.4,8.5,1010.0,1.21
2026-01-13,25.1012,111.1868,15.6,2.26,17.6,10.1,999.7,0.96
2026-01-13,34.2911,129.827,16.6,3.23,14.7,13.5,1013.8,2.13
2026-01-13,24.6617,116.0586,11.8,2.29,17.5,8.2,1021.9,1.65
2026-01-13,33.203,138.9435,28.8,2.58,15.6,8.8,1002.2,0.54
2026-01-13,38.2669,142.0964,18.7,2.57,11.9,8.1,1011.2,1.96
2026-01-13,5.1755,100.254,20.7,1.81,24.5,15.0,1024.3,0.52
2026-01-13,3.9602,106.0517,13.9,1.84,28.3,7.9,1004.5,2.14
2026-01-13,23.9898,121.894,26.2,2.04,18.3,10.5,1023.0,2.17
2026-01-13,-31.2693,149.8521,25.4,1.68,14.6,13.1,1013.4,0.79
2026-01-13,-37.4113,143.3486,16.9,2.8,12.9,12.5,1009.3,1.31
2026-01-13,19.5782,74.2236,17.0,2.68,20.4,8.1,1000.8,0.27
2026-01-13,14.6699,77.3608,14.5,1.83,23.3,14.9,1017.7,0.35
2026-01-14,3.8529,106.7657,23.3,1.72,25.8,10.7,1002.4,1.09
2026-01-14,28.4814,122.8857,18.3,1.96,17.4,12.9,1012.8,1.36
2026-01-14,32.123,123.2655,21.1,2.28,16.8,7.3,1024.9,1.34
2026-01-14,21.9168,115.4689,20.4,2.16,20.0,7.4,1003.7,1.08
2026-01-14,34.0069,131.0413,20.4,2.27,15.2,7.4,1010.5,0.51
2026-01-14,24.2987,113.8796,23.5,1.53,19.7,14.5,1015.9,0.5
2026-01-14,35.1576,139.3556,15.7,2.58,15.2,8.6,1008.6,0.75
2026-01-14,36.594,142.081,26.4,2.83,12.3,7.9,1008.5,1.0
2026-01-14,3.1429,100.7045,21.9,1.74,28.6,10.0,1006.4,1.89
2026-01-14,3.8355,103.9419,19.7,1.14,28.0,8.4,1016.4,1.12
2026-01-14,21.4844,121.9132,18.5,2.34,18.1,8.1,1001.1,1.57
2026-01-14,-35.3501,150.9612,27.3,2.51,12.3,14.1,1002.1,1.5
2026-01-14,-37.9593,144.424,14.4,2.66,12.2,11.4,1013.6,1.43
2026-01-14,20.9014,70.245,13.3,2.38,18.0,13.8,1015.0,2.04
2026-01-14,11.8733,82.793,10.4,1.77,22.1,12.4,1013.3,1.72
2026-01-15,1.8601,105.5758,11.3,1.62,27.6,14.5,997.8,0.86
2026-01-15,30.4418,120.7473,13.2,2.2,16.4,9.3,999.0,1.73
2026-01-15,28.5148,121.7063,20.7,2.62,17.4,7.9,1016.9,1.58
2026-01-15,25.4662,113.9599,23.1,2.95,20.0,9.3,1013.3,0.9
2026-01-15,35.3319,132.0457,18.7,1.81,14.5,11.2,1014.0,1.28
2026-01-15,20.3987,114.8258,22.8,2.92,18.1,7.2,1013.8,0.46
2026-01-15,37.7646,141.4477,30.0,2.34,12.6,11.5,1014.1,0.22
2026-01-15,33.6508,138.3278,25.9,2.07,14.9,9.6,995.2,1.71
2026-01-15,2.0482,102.7464,18.7,0.9,25.9,9.6,1005.1,1.68
2026-01-15,3.859,105.3325,19.5,1.7,27.0,14.1,1011.1,0.94
2026-01-15,24.3312,119.7851,23.9,2.76,17.7,12.8,1004.5,1.38
2026-01-15,-35.6192,152.3223,26.3,3.1,13.6,14.8,1003.4,0.27
2026-01-15,-34.9119,145.7222,27.0,2.55,14.0,11.8,1020.9,1.85
2026-01-15,20.1815,71.8385,11.2,1.95,20.1,8.9,1008.6,2.29
2026-01-15,11.3795,79.0846,11.4,2.39,24.7,14.3,1008.3,0.25
2026-01-16,1.1862,103.8523,11.4,2.4,28.5,11.2,1018.3,0.52
2026-01-16,33.4612,123.4065,28.4,2.69,13.5,12.8,1008.8,1.77
2026-01-16,30.0024,118.5687,27.9,2.63,16.7,7.7,1009.0,0.3
2026-01-16,22.6666,115.0118,16.3,2.29,18.4,14.1,1004.6,0.62
2026-01-16,33.8395,127.9905,20.0,1.75,13.4,9.2,995.5,1.57
2026-01-16,22.4037,112.4089,16.9,1.84,17.9,12.6,1003.5,0.74
2026-01-16,33.1037,140.3299,18.2,2.29,13.6,10.8,1015.3,0.43
2026-01-16,32.7665,139.1968,15.4,2.54,15.6,13.7,1016.0,1.56
2026-01-16,1.8746,103.3047,20.4,1.98,27.4,14.8,1017.7,1.22
2026-01-16,-0.8472,105.4261,23.7,1.61,27.5,12.5,1016.3,1.22
2026-01-16,21.0175,118.6442,25.4,2.32,21.5,10.1,1016.0,1.66
2026-01-16,-32.1361,153.5037,20.0,1.57,15.4,9.8,1008.8,0.58
2026-01-16,-36.206,145.5897,15.0,1.78,15.2,13.4,1004.8,1.63
2026-01-16,20.7045,73.148,17.6,1.96,20.4,11.4,1024.2,1.04
2026-01-16,12.127,82.1542,19.7,2.4,23.0,13.3,1011.3,0.72
2026-01-17,2.2659,101.3193,24.1,1.83,27.1,11.7,1008.9,1.42
2026-01-17,33.1626,119.5307,28.7,1.66,13.5,13.5,1018.1,1.03
2026-01-17,29.8341,122.505,13.5,2.85,17.9,14.2,1014.1,0.2
2026-01-17,20.4235,111.9532,19.8,1.92,20.4,8.6,1015.4,0.9
2026-01-17,35.6013,131.5548,17.9,3.19,13.9,14.9,1005.3,0.4
2026-01-17,19.368,117.0879,17.5,1.45,19.6,10.0,1011.5,0.32
2026-01-17,36.8963,141.5748,19.0,3.08,15.1,8.9,1016.1,1.07
2026-01-17,34.3525,138.9347,19.1,2.49,15.3,10.8,1000.6,1.05
2026-01-17,5.5469,103.4398,11.4,2.62,26.5,8.1,997.2,0.23
2026-01-17,2.69,103.4692,15.8,2.54,25.3,12.1,1007.5,1.2
2026-01-17,24.3609,120.928,18.5,1.65,18.6,11.4,1008.5,0.98
2026-01-17,-35.7541,151.8367,22.6,3.03,13.0,11.0,1007.3,1.4
2026-01-17,-38.6118,147.8325,22.8,2.86,11.4,10.9,1015.7,0.51
2026-01-17,20.3377,75.853,27.4,2.58,20.0,7.6,1021.7,0.39
2026-01-17,12.9174,81.7208,26.0,1.22,23.5,13.4,1004.4,0.32
2026-01-18,0.3515,105.5231,16.0,1.68,27.7,12.9,1007.6,2.31
2026-01-18,33.0198,120.209,13.0,3.1,16.2,12.8,1011.9,0.34
2026-01-18,29.7073,119.5585,12.8,3.14,17.7,12.0,1003.6,0.38
2026-01-18,22.5767,116.1666,15.7,1.53,18.3,13.9,995.4,0.45
2026-01-18,33.2273,129.6262,15.0,2.3,16.3,9.1,1016.0,1.27
2026-01-18,24.1155,116.3415,17.0,1.48,17.2,14.5,999.6,1.29
2026-01-18,38.6377,141.2725,17.2,2.41,13.5,8.7,1017.0,0.96
2026-01-18,36.2973,141.1709,14.8,1.89,13.5,9.4,1017.4,1.86
2026-01-18,3.1951,100.6788,20.4,1.68,25.3,14.0,995.4,2.24
2026-01-18,1.0549,104.62,24.5,1.98,25.8,14.3,1014.1,2.3
2026-01-18,22.218,122.8097,25.6,1.86,18.4,7.8,1014.6,1.06
2026-01-18,-32.2299,152.7038,24.8,2.52,14.2,9.7,1015.7,0.6
2026-01-18,-37.5279,145.9999,27.1,1.65,11.8,7.8,1008.4,0.68
2026-01-18,17.6497,71.11,10.8,1.35,22.9,12.3,1020.1,2.29
2026-01-18,13.9112,81.5192,11.9,2.57,21.1,12.3,1022.0,1.45
2026-01-19,4.0933,106.228,20.4,1.32,26.3,14.5,1014.2,2.23
2026-01-19,29.8887,121.0356,27.3,2.77,15.7,8.3,997.2,1.91
2026-01-19,29.1651,120.5399,12.9,3.07,15.7,10.5,1009.8,2.24
2026-01-19,23.2049,112.1286,19.5,1.56,20.1,8.7,1014.3,2.21
2026-01-19,36.472,126.6953,14.1,2.58,12.8,10.6,1021.9,0.53
2026-01-19,23.1613,116.7668,22.4,1.77,19.8,14.2,1012.2,1.33
2026-01-19,38.3157,139.5944,20.5,3.09,14.2,13.3,1011.2,0.21
2026-01-19,38.1686,141.5459,21.3,2.61,14.9,9.9,1015.5,1.08
2026-01-19,3.7936,104.1529,10.0,1.79,28.4,7.6,1008.8,1.89
2026-01-19,2.2488,101.6087,9.0,1.5,25.9,12.6,1021.9,1.59
2026-01-19,21.7829,117.8106,21.7,2.53,18.1,8.5,1016.6,1.5
2026-01-19,-33.9334,148.5873,21.7,2.08,14.9,13.7,1008.5,2.39
2026-01-19,-40.5913,142.2994,26.8,1.77,10.7,13.5,1015.0,1.21
2026-01-19,20.0184,75.197,13.2,2.23,21.9,7.3,999.2,1.64
2026-01-19,12.91,82.7788,10.5,2.28,21.5,8.4,996.5,0.88
2026-01-20,3.0525,103.5891,11.3,1.87,28.1,7.9,1009.9,1.96
2026-01-20,29.5539,123.3004,19.2,2.84,18.4,12.4,1004.7,2.35
2026-01-20,30.3241,119.368,26.3,2.82,17.3,11.7,1005.1,0.47
2026-01-20,20.3905,113.5488,22.6,2.19,19.8,14.4,996.2,0.42
2026-01-20,37.2638,129.7502,26.2,1.65,13.5,7.1,1000.4,0.4
2026-01-20,23.2298,116.4909,18.2,2.69,20.1,12.5,1001.2,1.61
2026-01-20,35.8147,139.1225,28.7,2.63,12.2,8.4,1010.0,2.29
2026-01-20,36.2068,141.3335,18.7,1.61,12.9,7.9,1010.9,0.41
2026-01-20,2.1714,102.9668,17.5,1.22,28.2,12.3,1003.3,0.63
2026-01-20,3.1417,104.6605,24.9,1.68,25.5,12.4,996.3,1.62
2026-01-20,21.3377,119.9094,16.5,2.64,20.7,7.3,1017.2,2.23
2026-01-20,-35.8135,152.9223,21.0,1.79,15.7,12.8,1012.8,0.92
2026-01-20,-39.6211,146.0242,18.8,3.0,11.9,7.8,1017.1,2.11
2026-01-20,18.2031,71.2755,18.4,2.03,22.5,8.2,1022.8,1.2
2026-01-20,12.4067,78.0891,21.9,2.15,25.1,8.6,998.8,1.72
2026-01-21,-1.3518,101.671,22.7,1.61,26.2,9.7,1021.6,1.53
2026-01-21,32.9677,122.3017,22.8,1.82,17.1,13.8,997.6,2.09
2026-01-21,29.8036,124.518,22.0,2.89,15.5,12.8,1017.1,0.74
2026-01-21,21.5069,114.5347,26.0,2.28,18.2,11.6,995.2,2.36
2026-01-21,32.42,128.8995,25.4,1.58,15.5,10.8,1018.9,2.01
2026-01-21,22.0339,112.6125,20.4,1.31,20.4,14.6,999.0,0.85
2026-01-21,36.562,137.1947,21.0,2.13,14.6,13.9,1017.4,0.25
2026-01-21,35.1727,141.269,27.6,2.27,15.5,10.0,1008.9,1.59
2026-01-21,5.1623,98.8242,23.9,1.48,24.1,10.4,1003.1,2.28
2026-01-21,1.6166,105.3159,21.6,0.97,28.9,12.9,996.6,2.28
2026-01-21,23.6752,122.6293,13.0,1.95,19.3,9.9,1000.3,1.43
2026-01-21,-36.4668,152.4653,16.3,3.28,12.8,7.9,1009.4,2.27
2026-01-21,-37.3329,147.7177,16.5,2.9,12.4,9.8,1003.0,1.7
2026-01-21,17.6128,70.3317,16.2,2.02,21.3,8.0,1016.3,1.69
2026-01-21,13.2798,79.0243,20.3,2.45,24.6,13.5,1023.2,0.34
2026-01-22,3.6417,103.5992,9.8,2.41,25.7,14.7,998.3,0.81
2026-01-22,32.4129,121.4517,27.2,2.41,15.9,9.3,1024.1,1.39
2026-01-22,27.6605,120.6242,19.2,2.51,16.4,7.5,1021.2,0.71
2026-01-22,25.2278,114.9259,18.4,1.94,18.8,9.6,1012.8,1.73
2026-01-22,37.231,128.7471,18.1,1.85,14.7,8.4,1002.8,1.27
2026-01-22,25.1436,115.7879,12.2,1.96,18.0,8.3,1022.7,1.77
2026-01-22,34.3877,142.4895,26.9,2.74,15.3,8.2,1002.1,0.29
2026-01-22,34.3435,137.3968,17.0,1.88,14.9,7.3,1004.5,0.96
2026-01-22,2.2375,101.6392,11.1,1.36,28.8,10.2,1010.0,0.52
2026-01-22,1.1102,102.4703,8.2,2.08,29.5,9.7,1016.2,1.24
2026-01-22,21.3663,122.9655,27.5,2.25,18.3,11.5,1022.2,1.17
2026-01-22,-32.7339,152.5991,27.7,1.76,15.5,9.5,1007.0,2.05
2026-01-22,-38.1378,142.518,14.0,2.74,13.5,8.8,1023.1,0.81
2026-01-22,16.0852,73.182,17.7,2.3,20.1,11.1,1000.8,0.9
2026-01-22,13.7132,82.9311,25.3,1.72,21.3,13.8,1006.1,1.02
2026-01-23,-0.0018,102.9601,24.6,2.29,26.3,12.8,1008.3,2.38
2026-01-23,33.0525,120.2055,26.1,3.18,14.8,14.2,999.2,1.49
2026-01-23,27.3848,119.7907,19.7,2.88,19.3,7.5,1023.8,1.86
2026-01-23,20.0738,113.5147,26.2,1.95,20.4,12.7,1017.7,0.5
2026-01-23,33.2956,128.3662,21.9,1.61,16.4,13.7,1004.1,1.43
2026-01-23,22.1,111.3304,11.0,1.74,21.2,13.7,1009.2,1.64
2026-01-23,38.0323,139.1532,21.4,2.81,12.2,8.0,1003.3,2.39
2026-01-23,32.844,141.1114,22.3,2.49,16.7,12.0,1009.3,1.73
2026-01-23,0.7175,101.4752,17.9,2.25,26.4,7.5,1004.6,2.13
2026-01-23,-0.825,101.5289,12.7,1.53,29.3,9.8,1003.7,1.37
2026-01-23,25.2452,120.3846,24.4,1.67,16.6,13.0,1011.3,2.12
2026-01-23,-31.9079,152.3191,17.4,2.67,16.3,7.8,1012.4,2.01
2026-01-23,-40.7362,145.0721,19.8,2.53,11.5,14.3,998.1,0.54
2026-01-23,17.2766,71.082,25.6,2.23,22.6,11.2,1011.0,1.41
2026-01-23,14.6205,77.9545,17.8,1.25,23.6,14.4,1009.4,0.89
2026-01-24,0.4657,105.7542,23.2,1.83,28.9,9.7,1016.3,0.26
2026-01-24,33.1179,119.8078,27.0,1.78,14.0,8.0,998.9,0.37
2026-01-24,31.0132,123.2482,13.5,2.81,17.0,7.3,998.2,1.94
2026-01-24,22.624,111.4135,13.0,1.73,17.5,12.3,1017.6,1.92
2026-01-24,37.7002,127.308,28.3,1.95,12.7,7.7,1020.4,2.27
2026-01-24,25.012,113.2564,14.1,2.21,19.2,8.9,1012.1,0.42
2026-01-24,36.145,136.7342,16.5,1.93,13.1,14.2,1011.1,2.34
2026-01-24,33.0358,137.9221,21.0,2.74,14.6,11.7,1008.2,2.31
2026-01-24,1.0851,100.5289,14.6,1.19,26.5,7.9,1024.5,0.47
2026-01-24,-0.9761,101.3645,21.1,2.02,27.8,7.3,1004.8,0.45
2026-01-24,21.329,120.9037,16.1,2.93,19.5,11.4,1003.7,2.08
2026-01-24,-35.7361,148.627,27.1,2.4,14.8,8.4,1025.0,1.28
2026-01-24,-40.1826,144.5915,24.6,1.84,10.9,10.2,1012.7,0.42
2026-01-24,21.5016,75.8186,12.0,2.94,19.0,11.8,1024.7,0.47
2026-01-24,15.1114,81.6219,14.7,2.35,22.5,9.2,1018.7,1.62
2026-01-25,0.6917,103.7069,18.3,1.5,27.7,9.2,1018.0,0.44
2026-01-25,29.7346,121.4573,22.6,1.69,14.8,7.4,997.0,1.69
2026-01-25,32.7007,120.8398,23.9,1.79,15.8,7.8,997.3,1.85
2026-01-25,24.1485,115.8143,14.7,2.46,18.6,9.1,1005.3,2.09
2026-01-25,35.4593,131.7911,13.3,2.32,15.9,10.1,1004.4,1.03
2026-01-25,22.0772,111.3666,20.4,2.75,18.6,12.6,1009.7,0.5
2026-01-25,36.9705,139.575,14.8,2.77,14.3,12.5,1012.2,1.25
2026-01-25,37.5698,139.6781,19.7,2.48,15.3,11.9,1005.6,2.35
2026-01-25,1.9229,98.5689,9.0,2.27,26.6,12.9,995.8,2.16
2026-01-25,0.4095,101.1331,13.9,1.42,27.2,12.3,1002.4,1.63
2026-01-25,23.1825,122.7637,12.2,1.83,18.3,7.2,1004.8,1.21
2026-01-25,-31.6886,151.6176,27.5,1.96,16.5,11.7,1024.6,1.03
2026-01-25,-38.4718,145.3983,26.9,1.83,13.7,9.7,1010.1,1.88
2026-01-25,17.9871,73.6405,16.6,1.94,21.0,13.8,1018.6,2.05
2026-01-25,13.2977,78.9948,10.6,2.79,22.4,8.8,1017.3,0.4
2026-01-26,3.3554,101.4204,14.2,0.99,27.9,10.8,1001.3,1.95
2026-01-26,32.1396,120.2848,26.0,2.25,15.7,8.6,1007.1,1.57
2026-01-26,29.5877,123.1247,15.0,1.49,17.3,13.9,1012.3,0.67
2026-01-26,25.3158,115.5111,19.3,2.96,18.3,11.9,1018.1,1.15
2026-01-26,35.5763,129.8362,21.6,2.21,12.8,8.2,1015.6,0.86
2026-01-26,21.9316,113.0813,25.0,1.4,18.3,10.3,1019.7,1.62
2026-01-26,34.2149,140.2577,19.5,1.75,13.5,9.0,1019.8,1.22
2026-01-26,35.8027,139.2548,23.8,1.66,12.7,8.1,1002.8,1.97
2026-01-26,3.952,99.4559,23.0,2.53,26.4,7.2,1020.8,0.38
2026-01-26,1.9716,105.752,23.6,1.54,26.7,12.3,997.7,2.27
2026-01-26,23.9727,118.1448,13.1,2.58,20.4,11.2,1019.9,2.29
2026-01-26,-31.2795,149.7201,27.2,1.9,14.3,13.5,1004.9,1.49
2026-01-26,-38.4739,146.4533,17.1,2.37,11.6,8.4,1024.1,1.17
2026-01-26,17.4757,73.4884,18.7,1.83,23.0,9.5,1007.7,1.7
2026-01-26,15.8626,82.5473,26.0,1.77,22.7,13.6,995.6,2.33
2026-01-27,1.9252,105.9008,19.5,2.44,28.0,13.3,1002.2,1.42
2026-01-27,30.086,124.2246,18.2,2.85,14.8,13.9,1020.7,1.05
2026-01-27,32.327,120.9019,28.9,1.95,13.8,13.6,1002.1,0.66
2026-01-27,24.8846,116.5532,22.1,2.85,19.4,10.3,996.0,2.11
2026-01-27,37.1188,131.7186,21.0,2.33,14.9,12.7,1021.3,2.0
2026-01-27,24.2657,115.3603,19.8,1.94,19.0,13.5,1017.1,1.2
2026-01-27,32.8403,136.9629,23.3,2.6,16.4,8.1,1007.0,1.58
2026-01-27,34.326,137.1314,15.3,2.44,16.5,13.6,1017.9,2.06
2026-01-27,4.1145,103.1559,14.0,1.7,27.3,9.1,1015.6,2.02
2026-01-27,3.1592,101.741,15.5,1.18,28.3,14.6,1021.5,0.69
2026-01-27,25.316,122.8401,22.4,2.43,19.8,14.8,1000.9,1.74
2026-01-27,-35.8563,150.6155,20.1,2.04,12.4,9.9,1023.4,0.46
2026-01-27,-36.5021,144.5741,28.5,2.38,14.5,7.9,1016.4,0.62
2026-01-27,21.1215,74.6442,15.7,2.11,18.3,13.9,1013.0,2.39
2026-01-27,11.7805,81.3338,16.7,1.76,22.0,9.3,1002.9,1.56
2026-01-28,3.7342,103.0698,20.1,1.66,24.6,8.1,1004.7,1.72
2026-01-28,32.3515,122.7537,24.4,2.77,14.4,7.8,996.8,0.93
2026-01-28,28.2773,123.9934,28.7,3.03,18.9,11.8,1017.4,0.3
2026-01-28,21.065,114.7758,16.0,1.94,19.3,14.7,1011.8,1.48
2026-01-28,33.7413,129.0981,28.3,3.04,13.4,9.5,1010.9,0.51
2026-01-28,20.0204,111.4344,12.8,2.73,21.6,13.0,1022.8,0.82
2026-01-28,37.9378,140.3279,26.0,2.09,12.5,14.1,1004.5,2.39
2026-01-28,37.0258,137.5456,27.4,2.74,14.8,7.4,999.5,0.71
2026-01-28,0.2152,99.9613,20.0,1.55,29.9,14.4,996.2,0.98
2026-01-28,2.6162,103.4602,16.7,2.3,28.5,8.0,997.8,2.11
2026-01-28,20.7112,118.3112,19.4,1.72,21.5,11.7,1012.5,2.34
2026-01-28,-33.7127,151.634,19.6,1.68,16.0,12.4,1021.6,0.26
2026-01-28,-36.7257,146.0469,19.6,2.62,15.5,13.7,999.6,0.38
2026-01-28,20.9341,73.9087,18.5,2.89,20.2,7.0,1024.1,1.64
2026-01-28,15.7881,79.2202,22.5,2.4,23.7,11.6,1001.3,0.31
2026-01-29,2.1521,102.791,9.2,0.97,29.0,10.1,1007.0,0.59
2026-01-29,34.0207,123.6668,14.1,3.01,13.4,13.2,1003.5,1.86
2026-01-29,30.7927,119.2676,20.5,2.22,17.3,9.5,1015.5,0.49
2026-01-29,23.5362,116.0502,19.9,2.16,20.4,10.8,1011.9,1.13
2026-01-29,36.7185,130.9416,23.3,2.35,13.4,7.3,1005.3,1.22
2026-01-29,20.6647,115.2868,13.4,2.1,20.5,11.2,1003.7,1.16
2026-01-29,38.1194,139.516,15.6,1.86,14.8,13.7,1010.7,0.85
2026-01-29,32.7301,137.0972,13.1,1.71,15.0,7.8,1014.8,1.45
2026-01-29,1.5203,99.9292,9.6,1.69,25.9,12.3,1000.4,0.6
2026-01-29,0.7197,101.0487,23.0,1.32,28.1,10.6,1015.1,1.57
2026-01-29,21.2177,123.1017,25.6,1.59,18.5,13.0,1013.1,2.12
2026-01-29,-36.2308,151.4156,12.9,1.8,12.6,10.8,1015.8,2.11
2026-01-29,-35.0188,145.5744,20.9,2.63,16.3,9.9,1015.2,1.72
2026-01-29,18.3199,71.7674,12.6,1.23,19.3,7.1,1024.1,2.09
2026-01-29,11.3381,81.1624,20.6,1.79,24.1,13.3,1000.7,0.86
2026-01-30,1.0708,103.6959,8.5,1.11,26.2,12.6,1023.9,1.24
2026-01-30,33.3892,121.9851,15.9,2.51,16.4,7.4,995.2,1.59
2026-01-30,31.1469,124.4209,26.6,2.75,16.3,11.4,1003.7,1.27
2026-01-30,22.4597,114.6041,21.4,2.45,20.5,10.9,1016.4,1.36
2026-01-30,34.7116,127.9707,13.7,3.09,14.2,10.8,1009.8,2.27
2026-01-30,21.3999,115.3545,11.2,1.77,18.4,9.8,1002.0,0.68
2026-01-30,38.1306,138.6852,23.3,3.08,13.8,8.0,1003.8,1.77
2026-01-30,38.2025,141.6365,24.5,2.9,14.3,13.4,1020.3,1.57
2026-01-30,1.6947,102.8955,19.6,1.06,26.1,11.8,998.0,1.12
2026-01-30,4.3246,102.3709,12.1,0.98,24.4,14.0,1005.7,0.55
2026-01-30,24.595,122.6681,11.8,1.45,18.2,11.9,998.6,0.69
2026-01-30,-35.3219,150.2512,18.7,1.66,15.8,9.1,999.5,1.72
2026-01-30,-37.7213,145.98,25.0,3.21,13.1,10.7,1020.2,0.44
2026-01-30,16.5853,73.6149,23.5,2.78,22.8,7.3,998.2,1.59
2026-01-30,15.3079,82.7366,12.7,1.64,21.8,11.0,1017.0,0.42
2026-01-31,2.1728,102.8596,10.6,2.29,26.9,10.3,1018.1,0.74
2026-01-31,33.0853,120.5216,21.0,1.68,14.6,13.0,1005.8,1.66
2026-01-31,27.778,123.065,18.9,1.81,18.4,10.3,1007.3,1.21
2026-01-31,24.6574,115.8255,17.4,1.4,17.0,7.1,1019.2,2.28
2026-01-31,32.6883,127.9644,29.1,1.81,13.5,13.1,1014.8,1.61
2026-01-31,24.7344,111.5163,22.0,2.56,19.0,11.2,1003.9,1.08
2026-01-31,36.7614,139.972,18.1,2.88,15.3,7.1,1003.4,1.36
2026-01-31,37.9664,140.8398,20.6,1.99,13.4,13.3,1014.6,1.73
2026-01-31,5.326,103.0894,15.6,1.25,25.1,7.3,1005.0,1.8
2026-01-31,2.8023,101.305,25.2,1.34,25.3,11.4,1010.6,1.87
2026-01-31,20.5875,117.4687,24.3,2.26,19.0,13.2,1016.8,2.37
2026-01-31,-36.2061,148.569,19.2,2.67,13.3,7.4,1014.5,0.47
2026-01-31,-39.0258,146.3843,20.9,3.34,14.0,14.9,1012.0,2.17
2026-01-31,19.7164,73.1512,20.8,1.83,19.5,13.3,1016.4,1.68
2026-01-31,14.3688,80.3887,14.1,1.68,22.7,13.6,1005.8,0.42
2026-02-01,2.5601,105.8226,9.7,0.96,28.6,10.8,1008.4,1.01
2026-02-01,31.3879,122.0031,21.0,2.17,14.8,11.0,1007.7,1.17
2026-02-01,32.4545,121.4812,28.9,2.92,14.0,8.0,1016.3,0.48
2026-02-01,23.7702,116.2375,13.2,1.69,18.6,13.0,1023.3,1.01
2026-02-01,37.8905,129.6852,20.0,1.85,13.6,7.3,999.6,1.02
2026-02-01,25.2654,112.989,19.6,2.71,16.7,11.7,996.5,2.17
2026-02-01,38.0105,137.9438,27.0,2.48,11.7,9.8,1021.1,1.12
2026-02-01,35.8821,140.0326,28.1,2.93,13.9,12.8,1013.2,1.88
2026-02-01,3.0286,101.1656,16.1,1.63,28.3,9.6,1019.0,1.66
2026-02-01,0.8198,101.9459,14.8,1.74,29.5,14.1,1017.1,1.62
2026-02-01,24.823,121.5447,21.0,2.71,19.2,11.5,998.7,1.43
2026-02-01,-35.7142,151.9215,22.6,1.68,14.4,8.5,1009.3,2.17
2026-02-01,-40.0919,147.5802,16.4,1.72,13.6,9.0,1016.2,2.15
2026-02-01,18.6153,74.793,20.8,1.9,18.9,13.9,995.7,1.16
2026-02-01,12.5723,82.4286,15.1,1.52,21.6,7.8,1000.0,0.52
2026-02-02,-0.1764,101.3897,13.2,1.5,26.6,11.9,1004.8,0.26
2026-02-02,28.5814,120.8133,17.3,2.14,16.2,10.0,1019.8,0.47
2026-02-02,28.0837,123.0568,21.7,2.26,18.1,10.1,998.5,0.33
2026-02-02,22.332,113.5004,19.2,1.99,18.3,14.1,1003.1,2.32
2026-02-02,36.2302,127.5535,22.3,2.94,13.1,10.3,997.5,1.6
2026-02-02,20.54,116.9769,17.1,2.93,21.1,11.3,1007.7,2.21
2026-02-02,35.3867,136.6563,20.6,3.0,13.4,14.8,995.0,2.25
2026-02-02,35.3368,140.2252,27.0,2.23,13.7,12.1,1012.6,1.32
2026-02-02,0.2729,102.8351,17.6,1.32,27.5,8.0,999.2,1.42
2026-02-02,0.0387,103.1408,18.4,2.43,27.3,12.5,1005.3,0.77
2026-02-02,24.1435,120.0177,15.4,3.01,18.0,10.7,1013.0,0.23
2026-02-02,-32.7177,152.088,12.4,2.34,16.9,12.4,1007.4,2.17
2026-02-02,-36.5938,146.5379,22.0,2.95,14.4,7.6,995.9,2.03
2026-02-02,19.9796,73.985,16.7,2.63,21.5,9.9,1000.3,1.89
2026-02-02,14.2649,77.3213,17.8,2.71,22.2,8.8,995.6,0.82
2026-02-03,3.8187,102.9989,10.0,1.93,25.7,12.7,1002.0,1.29
2026-02-03,30.4084,120.1582,27.4,2.68,15.0,8.6,1019.6,1.07
2026-02-03,32.0878,121.9586,20.7,2.45,16.2,11.5,1015.5,1.44
2026-02-03,19.9353,111.8274,11.8,1.68,20.5,8.8,1010.7,1.92
2026-02-03,33.3307,130.1435,29.3,2.72,15.2,9.0,1011.8,1.2
2026-02-03,24.9466,115.0152,27.4,1.44,20.1,10.5,1024.9,0.8
2026-02-03,36.7572,139.4498,19.0,2.91,15.2,8.8,1003.3,1.12
2026-02-03,35.1369,136.669,16.0,1.72,14.6,7.2,1017.1,2.35
2026-02-03,2.5429,98.8466,12.6,1.14,26.3,12.0,997.9,1.26
2026-02-03,3.2104,104.1042,19.1,1.44,25.8,7.9,1002.2,0.95
2026-02-03,19.9539,119.3029,24.2,2.85,21.3,12.0,1017.9,1.58
2026-02-03,-33.3952,148.7225,13.5,1.6,14.3,13.8,997.0,0.48
2026-02-03,-35.2989,144.6146,17.8,2.65,12.5,12.4,1011.8,0.85
2026-02-03,18.2386,70.5265,23.2,1.6,21.3,12.3,995.3,1.04
2026-02-03,14.8537,82.5503,20.5,1.71,24.0,13.3,1008.6,0.92
2026-02-04,-0.5548,101.4681,18.2,0.93,28.9,8.5,1012.2,1.6
2026-02-04,29.7681,120.9997,24.3,2.22,15.4,13.4,996.8,0.89
2026-02-04,29.4834,124.3024,24.8,1.98,18.1,13.2,999.4,0.88
2026-02-04,21.6005,113.2709,11.0,2.28,20.3,7.5,1010.2,2.04
2026-02-04,37.3318,128.608,16.3,1.97,15.1,13.3,1005.2,1.67
2026-02-04,23.488,117.0609,21.3,1.88,19.2,14.7,1013.5,1.12
2026-02-04,33.6499,139.3761,25.9,1.62,13.8,7.0,1001.7,0.71
2026-02-04,36.1872,138.0721,25.3,3.22,13.3,12.9,1001.2,0.61
2026-02-04,5.9393,100.5769,10.0,0.98,24.2,9.3,1000.8,1.49
2026-02-04,2.9552,100.8124,8.9,1.2,25.5,14.1,1016.6,0.95
2026-02-04,22.9543,118.3726,11.4,2.74,20.7,7.2,1015.3,1.03
2026-02-04,-32.1443,148.8751,28.2,2.03,14.5,13.5,1014.8,2.27
2026-02-04,-34.951,147.9493,27.6,3.07,12.7,8.2,1022.7,1.95
2026-02-04,17.1,72.2207,16.6,2.2,23.3,9.0,996.4,1.56
2026-02-04,11.2173,80.4835,22.9,1.61,21.9,13.4,1021.2,2.07
2026-02-05,4.1006,106.167,12.1,1.03,26.3,12.3,996.9,1.32
2026-02-05,32.7383,122.3441,21.0,2.38,15.1,9.6,1006.2,1.73
2026-02-05,31.1622,121.5128,16.7,2.17,17.6,11.7,996.1,0.68
2026-02-05,20.7611,116.2369,17.5,1.78,21.5,11.6,1023.1,1.02
2026-02-05,35.4829,126.8816,14.2,2.34,13.6,11.7,1009.0,1.57
2026-02-05,21.8759,113.9747,17.9,2.65,18.8,10.1,1000.4,0.71
2026-02-05,36.5483,138.8049,14.3,3.04,13.8,12.1,1018.6,2.24
2026-02-05,33.0342,137.0661,13.1,1.87,13.9,9.6,1004.1,1.99
2026-02-05,4.1012,100.0468,20.5,2.59,28.4,13.0,1017.2,2.21
2026-02-05,-1.5868,102.3458,22.2,2.17,27.0,10.2,1012.4,1.64
2026-02-05,22.4593,120.3773,23.9,1.55,18.9,8.8,1017.5,1.24
2026-02-05,-33.7738,152.9251,25.4,2.78,14.7,13.3,1004.4,0.61
2026-02-05,-36.1928,146.1507,16.4,2.37,14.2,10.0,1012.3,0.48
2026-02-05,21.61,70.0096,24.7,2.7,19.0,10.4,1015.6,1.09
2026-02-05,14.7546,80.4963,15.5,1.17,23.4,14.4,999.6,2.3
2026-02-06,0.2718,104.631,18.3,1.84,29.4,14.8,1001.1,1.06
2026-02-06,31.4374,119.6037,14.0,2.47,15.6,14.2,997.8,0.43
2026-02-06,30.1857,118.7364,23.7,2.3,15.0,7.6,1023.9,0.82
2026-02-06,20.9413,115.0153,12.0,1.36,19.9,8.4,1020.8,1.1
2026-02-06,33.1218,126.7401,21.5,2.35,13.4,14.6,1021.0,0.49
2026-02-06,20.5534,113.7626,22.8,2.06,20.4,14.5,1012.6,1.31
2026-02-06,36.7852,138.3029,13.0,1.86,12.0,10.2,1019.2,1.36
2026-02-06,37.9055,141.9134,20.9,2.62,14.2,9.3,1021.4,1.2
2026-02-06,4.2019,102.6699,13.6,1.94,27.6,8.4,1002.5,2.18
2026-02-06,2.7615,103.296,23.9,1.17,27.2,10.1,1023.4,0.73
2026-02-06,24.8505,118.9441,22.0,1.85,20.0,12.6,1016.7,0.68
2026-02-06,-33.9079,154.1636,21.9,3.25,13.1,7.8,1018.0,0.92
2026-02-06,-38.108,143.4797,21.7,2.43,11.5,12.6,1017.5,1.04
2026-02-06,20.4256,75.0861,17.5,1.27,18.5,14.3,1004.8,1.85
2026-02-06,12.9913,77.6801,19.1,1.5,24.7,8.1,1019.6,2.05
2026-02-07,-0.6862,100.9604,9.8,1.32,27.9,10.1,997.3,1.88
2026-02-07,32.2947,119.3947,18.4,1.89,13.6,12.4,1001.5,1.73
2026-02-07,31.8873,123.4131,23.1,2.73,17.2,10.1,1004.2,0.32
2026-02-07,19.5711,115.6924,23.7,2.81,19.9,8.9,997.7,1.13
2026-02-07,38.1153,128.0983,16.3,2.78,12.1,14.1,1018.9,2.03
2026-02-07,20.3266,112.1717,17.8,1.43,19.4,11.5,1000.7,0.66
2026-02-07,35.9264,142.2838,14.8,1.96,13.5,8.4,1007.1,0.9
2026-02-07,34.7788,139.3907,13.8,2.96,15.1,10.0,997.0,0.68
2026-02-07,1.8092,101.9932,25.0,1.01,27.4,14.9,1020.5,0.58
2026-02-07,4.1162,104.1482,25.2,2.08,27.1,14.8,1015.8,0.93
2026-02-07,23.4394,122.6052,16.5,2.77,18.8,9.7,1013.3,1.49
2026-02-07,-34.5746,152.0529,16.6,2.57,16.5,8.9,1013.5,2.17
2026-02-07,-38.9605,146.3906,26.1,2.72,11.1,10.0,1003.9,0.53
2026-02-07,17.1762,70.1789,26.0,2.2,23.1,12.9,1004.9,0.81
2026-02-07,13.9443,81.8337,18.7,2.77,23.2,9.3,995.7,2.06
2026-02-08,0.2779,102.3055,17.2,2.35,28.6,9.0,1015.6,1.78
2026-02-08,31.8788,120.7626,17.7,2.26,13.6,14.0,997.1,0.62
2026-02-08,30.6745,119.3932,15.6,1.64,16.4,13.6,1023.0,0.72
2026-02-08,20.0121,115.4078,16.0,2.47,19.2,8.4,1002.5,0.83
2026-02-08,34.8692,129.8892,17.3,2.9,12.8,14.8,1006.9,0.57
2026-02-08,21.9676,114.2012,23.4,2.58,20.7,13.3,995.6,1.04
2026-02-08,37.8005,141.2034,28.7,2.65,11.9,12.8,1002.7,1.22
2026-02-08,35.1653,138.8889,23.0,1.7,12.9,10.8,999.6,0.62
2026-02-08,0.077,101.4042,20.3,1.64,29.7,14.5,1024.1,1.02
2026-02-08,1.2993,104.3953,18.2,1.52,25.7,14.4,1006.5,1.44
2026-02-08,20.7927,119.9192,15.1,2.81,20.8,11.1,1009.7,1.71
2026-02-08,-32.6901,152.1147,28.1,2.78,14.3,7.3,1019.4,1.59
2026-02-08,-36.755,146.1479,23.9,2.06,13.5,12.4,1002.6,1.52
2026-02-08,21.6606,75.0006,11.1,2.59,20.2,14.3,1006.9,1.49
2026-02-08,15.4887,80.3819,13.3,1.86,23.3,9.0,1004.1,2.33
2026-02-09,2.2412,103.1487,13.5,1.55,28.6,12.8,997.7,1.6
2026-02-09,32.8906,120.5401,14.8,2.8,16.9,10.2,1004.2,2.37
2026-02-09,31.7666,118.5535,13.4,2.69,15.7,12.2,1017.0,0.58
2026-02-09,21.791,115.2822,14.3,1.59,21.3,10.6,1019.4,0.61
2026-02-09,32.5335,127.172,25.2,1.96,17.0,10.3,1013.8,1.57
2026-02-09,24.5295,112.1662,16.3,1.99,17.6,9.7,1012.6,1.25
2026-02-09,36.713,137.2552,13.9,2.89,11.8,11.7,1024.6,0.41
2026-02-09,35.5777,136.6816,23.0,3.27,15.2,14.5,1009.2,0.94
2026-02-09,2.5767,100.6247,23.5,2.56,28.3,14.5,1015.0,1.03
2026-02-09,-1.2946,102.6852,13.8,1.0,27.3,12.6,1016.8,2.15
2026-02-09,20.4605,120.9129,25.5,1.73,20.8,13.5,1006.1,1.56
2026-02-09,-32.9155,151.0605,19.4,1.85,17.1,14.7,1019.4,0.24
2026-02-09,-38.6524,142.2376,26.9,2.21,12.7,11.9,1007.0,1.55
2026-02-09,16.4381,72.519,26.0,2.75,23.6,13.9,1022.2,1.82
2026-02-09,11.8459,78.4412,12.0,1.95,23.7,13.9,1010.1,0.48
2026-02-10,3.0712,102.66,19.9,1.8,28.3,8.3,1008.4,0.45
2026-02-10,32.2063,119.9191,15.9,2.8,16.1,7.7,1008.0,1.77
2026-02-10,27.8297,124.1178,27.1,2.72,16.1,9.1,1009.3,2.17
2026-02-10,20.2817,111.8724,19.8,2.48,18.5,12.5,1021.2,2.25
2026-02-10,36.7776,129.6797,23.9,2.26,14.6,12.9,1006.4,1.61
2026-02-10,22.6907,116.3062,24.8,1.68,17.6,7.7,997.7,1.83
2026-02-10,38.2995,141.118,15.1,2.28,14.5,14.6,1012.3,0.2
2026-02-10,32.815,139.8516,26.8,3.19,14.5,9.9,1015.4,1.95
2026-02-10,3.1185,102.0097,12.2,1.54,26.9,10.7,999.3,2.27
2026-02-10,3.3853,103.548,16.2,1.9,25.3,12.3,1019.0,1.75
2026-02-10,23.2206,119.1547,27.9,1.53,21.0,12.7,1009.3,2.02
2026-02-10,-33.8986,152.4341,18.9,3.22,14.1,13.6,1001.3,1.81
2026-02-10,-35.9511,146.1655,13.7,3.07,12.7,10.9,1006.8,2.37
2026-02-10,19.9054,75.0426,27.5,2.17,19.6,12.4,1024.7,1.87
2026-02-10,12.4291,80.4378,14.5,2.26,21.9,13.9,1006.8,0.49
2026-02-11,2.8039,104.3343,22.1,2.31,27.7,10.7,999.9,0.5
2026-02-11,32.4061,120.2202,14.8,1.89,16.4,12.9,995.3,1.8
2026-02-11,30.3224,122.6139,28.8,1.72,18.0,10.4,1020.2,2.24
2026-02-11,20.1194,116.9029,13.7,1.34,22.1,12.2,1012.8,2.33
2026-02-11,35.9414,128.4996,13.4,2.01,14.0,12.5,1023.6,1.64
2026-02-11,21.5715,115.3202,24.4,2.4,20.7,13.9,1014.5,0.81
2026-02-11,36.5954,138.8542,14.9,1.75,13.7,12.4,1010.3,0.25
2026-02-11,35.8816,140.0738,17.4,2.86,15.2,8.4,1009.5,1.62
2026-02-11,2.6019,101.8285,10.0,0.97,28.6,13.4,1000.5,1.99
2026-02-11,-1.5195,103.8854,17.3,2.21,27.4,11.2,1012.5,1.77
2026-02-11,24.3677,118.0459,24.0,2.98,20.1,8.4,1013.0,0.6
2026-02-11,-33.5405,153.0124,14.6,1.76,13.8,8.3,1011.9,2.07
2026-02-11,-40.6036,147.8427,22.0,2.32,12.4,10.4,1023.4,0.2
2026-02-11,17.7535,75.6288,19.2,2.53,21.7,10.6,1012.3,1.73
2026-02-11,13.2187,83.1868,15.7,2.01,21.7,7.8,1019.6,0.72
2026-02-12,-0.5813,102.6502,22.2,2.44,28.2,8.7,1005.8,0.48
2026-02-12,31.9643,118.9199,16.6,2.16,17.2,10.2,997.5,0.76
2026-02-12,29.4204,122.7111,21.0,1.57,17.5,15.0,1015.9,0.62
2026-02-12,21.776,115.0018,24.9,2.31,19.2,8.2,1024.8,1.15
2026-02-12,32.3351,129.6972,13.6,1.73,13.9,11.4,997.0,1.61
2026-02-12,21.4962,113.1705,15.5,2.75,18.5,7.1,1006.3,2.33
2026-02-12,34.948,137.2803,28.4,1.88,15.3,9.5,1019.6,1.28
2026-02-12,35.6175,140.8407,27.5,2.53,14.6,14.2,1000.1,2.28
2026-02-12,2.3374,100.471,20.9,2.5,27.2,11.8,1020.5,1.25
2026-02-12,-0.8726,100.606,16.8,1.08,26.2,10.0,1017.1,0.32
2026-02-12,23.9798,123.1484,23.2,1.76,19.1,12.7,1000.5,2.37
2026-02-12,-32.078,151.2227,17.0,2.24,17.3,14.1,1019.4,0.87
2026-02-12,-35.6661,147.6478,19.7,2.12,12.5,7.6,1016.9,2.28
2026-02-12,16.9406,70.296,22.9,2.12,21.4,14.0,1023.9,1.13
2026-02-12,13.1348,81.6555,17.9,1.97,24.9,14.1,1015.9,1.09
2026-02-13,1.988,106.3173,20.9,2.06,28.0,13.0,1002.3,1.83
2026-02-13,33.9356,123.4139,27.5,2.45,15.2,11.9,1023.9,1.68
2026-02-13,32.1599,121.6851,16.1,1.64,16.9,11.1,1023.6,1.13
2026-02-13,21.8177,113.2976,12.8,2.84,18.5,11.3,1018.0,0.46
2026-02-13,33.9747,127.8369,16.2,2.81,15.1,8.7,1004.1,2.25
2026-02-13,23.1771,116.1238,11.7,2.1,19.5,10.9,1005.7,1.55
2026-02-13,34.6475,138.7737,12.7,3.08,13.3,9.8,998.0,1.28
2026-02-13,32.9522,139.7239,15.0,1.74,15.1,8.2,1014.7,0.7
2026-02-13,2.3722,100.1957,15.6,1.16,28.3,7.9,1008.2,2.05
2026-02-13,-0.667,102.6714,15.5,1.43,29.2,8.6,1000.7,0.29
2026-02-13,21.9946,121.7649,26.2,1.56,18.2,10.8,1015.0,0.78
2026-02-13,-34.3422,151.51,26.2,2.78,13.9,13.1,1021.5,1.3
2026-02-13,-35.2722,147.0215,19.3,1.77,12.7,7.2,999.7,1.3
2026-02-13,20.5542,71.3705,22.3,1.84,21.9,12.9,1008.0,0.84
2026-02-13,12.9983,81.8361,13.9,1.35,23.0,9.0,1018.0,2.1
2026-02-14,4.2558,102.3361,22.5,1.23,27.2,13.5,1016.0,1.31
2026-02-14,29.3175,124.429,22.0,2.53,15.5,8.1,996.2,2.38
2026-02-14,32.4429,121.1018,22.8,1.68,13.6,10.3,1004.2,1.59
2026-02-14,20.9317,113.075,18.9,2.13,20.4,9.4,1003.1,0.82
2026-02-14,34.2857,128.584,18.0,1.64,12.8,7.4,1017.3,0.67
2026-02-14,22.1516,116.6203,12.7,1.61,21.2,9.9,1004.1,0.41
2026-02-14,32.7582,139.9609,27.0,2.09,16.2,9.9,1018.4,1.36
2026-02-14,34.6733,140.5395,16.2,2.22,16.1,8.0,1017.3,0.46
2026-02-14,3.5194,103.8731,19.6,1.2,27.4,14.4,997.2,1.4
2026-02-14,0.4194,104.9011,24.9,1.15,28.7,7.4,1000.8,1.41
2026-02-14,21.1425,122.5639,25.3,2.81,21.7,14.2,1008.5,1.78
2026-02-14,-31.4037,148.6156,19.3,3.08,15.8,7.2,1013.0,1.73
2026-02-14,-40.04,142.2358,23.0,3.04,13.2,12.9,1006.9,1.71
2026-02-14,21.1714,75.7807,13.6,2.55,19.3,13.2,1007.0,0.8
2026-02-14,11.1871,78.2307,13.2,2.23,25.2,13.3,1008.7,1.76
2026-02-15,1.4407,102.6724,11.9,2.04,27.6,8.4,996.4,0.72
2026-02-15,28.465,119.3625,26.8,3.01,16.0,13.3,1014.3,0.75
2026-02-15,31.8088,121.7516,12.3,2.1,16.1,10.0,997.5,1.75
2026-02-15,22.8388,115.3904,18.0,2.35,18.4,7.5,1019.5,2.01
2026-02-15,33.4953,131.867,15.5,3.2,15.1,14.8,1018.3,1.92
2026-02-15,19.958,115.644,17.2,2.36,21.7,12.1,1011.5,2.0
2026-02-15,34.0,138.2631,22.4,2.93,15.8,8.2,1002.0,1.8
2026-02-15,34.6555,142.051,14.2,1.88,13.3,13.9,1000.7,1.28
2026-02-15,4.3769,102.2854,8.9,1.17,25.0,10.2,1013.2,0.35
2026-02-15,-1.2057,102.0205,23.6,2.48,25.9,11.2,1016.8,1.98
2026-02-15,23.2471,119.5687,11.5,2.72,20.0,12.2,996.3,0.75
2026-02-15,-36.3672,149.0651,23.5,1.63,15.7,14.7,998.2,1.82
2026-02-15,-38.7833,146.2078,16.6,2.48,13.2,10.6,999.9,0.93
2026-02-15,16.877,70.2868,22.0,2.24,19.9,13.6,998.1,0.85
2026-02-15,13.152,82.2896,12.2,2.64,21.0,10.4,999.4,1.64
2026-02-16,-0.3544,106.1259,14.6,2.31,29.2,7.9,1000.1,0.44
2026-02-16,28.8408,124.2088,17.9,2.49,15.3,14.4,1022.6,2.17
2026-02-16,30.4953,119.6124,21.1,2.5,16.9,8.2,1015.0,0.86
2026-02-16,24.4485,113.1482,13.0,2.9,19.1,14.5,1019.3,1.76
2026-02-16,32.6378,126.0887,28.2,1.78,15.9,9.6,1006.7,1.79
2026-02-16,24.0326,114.04,12.3,2.32,20.5,9.2,997.7,2.39
2026-02-16,33.7674,138.9604,17.9,2.27,15.6,10.3,1018.8,0.93
2026-02-16,37.2565,140.5617,17.1,2.34,13.5,11.3,1011.0,2.01
2026-02-16,2.3078,101.8858,15.5,1.83,27.9,13.0,1016.1,0.72
2026-02-16,-1.6208,106.5124,8.5,1.79,29.2,14.4,996.8,0.97
2026-02-16,24.7198,122.502,25.2,1.85,17.0,13.8,1024.2,2.21
2026-02-16,-35.4138,153.1762,13.7,1.82,16.1,12.6,1006.3,0.26
2026-02-16,-35.0241,144.1932,24.6,2.7,12.7,13.7,1021.1,0.27
2026-02-16,18.1414,70.4255,11.7,2.17,22.2,8.2,1000.5,1.84
2026-02-16,14.5713,81.4621,15.0,1.82,21.7,13.3,1015.9,0.83
2026-02-17,-0.7744,106.1389,8.6,2.09,27.7,7.1,1020.0,1.7
2026-02-17,33.4863,121.7986,26.6,3.11,15.0,12.7,1007.7,0.54
2026-02-17,32.707,121.673,29.0,1.74,14.1,12.0,1001.6,0.6
2026-02-17,24.0191,114.4137,25.5,2.72,18.5,9.5,1014.3,2.02
2026-02-17,33.1685,130.8956,23.4,1.87,13.5,7.6,1013.1,2.06
2026-02-17,19.4876,112.8626,19.8,1.34,20.8,13.1,1004.3,1.41
2026-02-17,36.5065,136.8445,17.4,3.27,14.1,11.5,1018.7,0.3
2026-02-17,34.3312,142.2991,12.7,2.17,13.8,10.2,1000.8,1.85
2026-02-17,4.3541,104.2431,20.5,1.06,25.9,12.9,998.0,1.98
2026-02-17,-0.7369,104.0721,14.6,1.81,29.1,9.3,999.5,1.22
2026-02-17,24.9385,117.8611,23.5,2.86,19.5,12.2,1018.1,0.55
2026-02-17,-31.0868,151.3071,24.5,2.6,17.6,9.7,1018.6,0.95
2026-02-17,-38.6517,147.0988,20.5,3.17,14.1,10.1,1001.3,1.54
2026-02-17,16.3999,70.8659,20.9,2.01,22.8,8.1,1021.1,1.4
2026-02-17,15.8964,81.9594,11.6,1.31,21.1,14.5,999.8,0.82
2026-02-18,0.4702,101.3873,11.1,2.12,26.8,10.8,1002.7,2.13
2026-02-18,32.1322,119.3164,14.4,2.48,13.7,13.9,1007.0,2.09
2026-02-18,32.3711,119.3179,18.6,2.96,17.2,10.0,1015.5,1.31
2026-02-18,21.1201,116.3111,22.4,2.32,20.4,12.9,1002.3,2.01
2026-02-18,32.2273,131.194,17.2,1.79,15.1,7.6,1006.6,1.22
2026-02-18,19.8803,113.9647,21.6,2.77,20.1,7.7,1017.0,2.22
2026-02-18,38.2111,141.2596,16.5,2.21,12.4,15.0,1009.6,1.75
2026-02-18,35.301,138.3083,13.4,1.85,14.2,12.1,1004.6,0.27
2026-02-18,3.6065,100.6817,24.4,1.49,26.3,10.8,996.6,2.11
2026-02-18,4.0779,104.651,13.1,1.97,24.7,7.6,1007.2,0.86
2026-02-18,23.9005,122.5291,20.1,2.47,17.7,13.6,997.8,2.18
2026-02-18,-34.8167,152.7284,15.4,2.17,14.1,10.8,1015.7,0.55
2026-02-18,-36.6335,144.0913,24.7,2.28,11.8,13.3,1012.9,0.37
2026-02-18,19.9577,73.6506,16.2,2.92,22.0,12.9,1017.1,0.9
2026-02-18,10.9857,80.0227,12.0,2.51,22.2,14.8,1007.2,1.35
2026-02-19,-1.6877,103.5553,22.4,1.05,27.1,14.8,997.9,0.68
2026-02-19,34.1046,120.9948,21.8,1.84,14.2,9.8,1023.6,2.34
2026-02-19,30.3293,118.6302,25.9,1.5,17.8,11.0,1021.0,1.74
2026-02-19,23.4366,113.7939,18.1,1.92,19.1,11.2,1018.0,0.45
2026-02-19,33.2345,128.6459,15.4,2.55,15.2,10.1,1020.4,1.71
2026-02-19,21.9443,112.8689,21.5,2.86,20.9,15.0,1019.2,0.43
2026-02-19,36.5739,140.3479,19.9,2.46,14.8,14.4,998.0,1.18
2026-02-19,35.9311,136.8338,17.7,2.31,12.9,10.6,1006.4,0.63
2026-02-19,2.8174,99.1466,24.8,2.42,26.6,13.6,1016.1,1.83
2026-02-19,-1.5924,102.7969,12.0,1.32,28.9,9.1,1020.2,1.95
2026-02-19,22.1156,118.7507,26.3,2.0,17.5,8.2,1006.2,2.0
2026-02-19,-31.9486,151.809,18.0,3.14,17.5,8.9,1024.2,0.62
2026-02-19,-36.947,146.9344,26.5,2.6,12.1,12.1,1024.3,0.58
2026-02-19,21.3749,73.0552,18.3,1.44,20.9,11.0,1013.9,1.93
2026-02-19,15.1409,81.0346,14.4,2.08,23.9,8.6,997.8,1.16
2026-02-20,2.0636,104.4117,8.7,2.05,28.9,7.6,1006.5,1.83
2026-02-20,29.0137,121.1959,22.6,2.05,15.7,14.2,1003.9,1.38
2026-02-20,28.3398,123.2242,25.1,2.74,17.6,9.2,1023.0,1.58
2026-02-20,23.3734,114.534,12.9,2.1,19.3,7.9,1003.5,2.17
2026-02-20,32.7363,129.0411,18.5,2.95,14.8,10.9,995.7,0.36
2026-02-20,25.0746,111.6273,23.0,2.0,17.5,14.3,1019.3,0.6
2026-02-20,32.737,137.7224,22.0,2.56,13.4,14.8,1024.8,1.26
2026-02-20,36.1277,139.9169,15.5,2.86,15.7,8.5,995.9,0.25
2026-02-20,3.0705,99.3141,23.1,1.06,25.7,9.6,1001.6,1.8
2026-02-20,4.0011,102.1545,16.7,2.51,25.8,11.4,1003.8,1.84
2026-02-20,22.6021,120.3773,17.8,1.63,17.9,12.5,1021.6,0.82
2026-02-20,-34.5118,151.7112,25.6,2.1,15.8,14.6,1009.6,2.14
2026-02-20,-38.2712,146.4456,27.0,2.71,13.5,10.4,1012.0,1.02
2026-02-20,19.7461,70.3371,13.5,1.3,20.4,11.7,1003.8,2.02
2026-02-20,13.9533,83.0616,15.8,1.16,21.3,9.6,1018.7,0.99
2026-02-21,-1.2739,104.7937,14.5,2.15,26.0,9.5,995.3,0.92
2026-02-21,31.0227,123.2451,27.4,2.44,15.5,11.8,1010.8,0.43
2026-02-21,28.5366,122.1914,26.8,2.9,15.2,14.1,1007.7,1.86
2026-02-21,21.4498,112.9786,14.2,2.64,19.7,14.9,1007.6,0.47
2026-02-21,33.2064,128.0368,18.9,2.52,14.2,12.1,1020.7,2.37
2026-02-21,24.7892,112.8756,25.6,2.04,19.9,14.3,996.2,1.62
2026-02-21,33.0929,137.221,26.1,2.76,14.2,13.0,1007.0,1.42
2026-02-21,34.3227,140.3119,19.3,2.75,14.5,13.8,1024.0,0.47
2026-02-21,2.2434,102.1079,8.8,0.93,25.2,7.8,1004.7,1.71
2026-02-21,0.9761,101.5701,11.4,2.36,27.1,14.2,1024.7,2.26
2026-02-21,24.8354,118.8595,24.7,1.54,20.1,7.6,1004.9,1.55
2026-02-21,-31.9939,149.8288,15.2,1.75,15.4,8.0,1020.9,1.86
2026-02-21,-35.4868,147.7581,19.8,2.35,12.7,11.2,1012.3,1.65
2026-02-21,21.808,71.883,23.3,1.67,18.6,9.4,997.5,1.43
2026-02-21,15.3199,81.2276,22.5,1.49,20.4,14.8,996.8,0.23
2026-02-22,-0.4129,105.763,11.2,0.99,26.7,11.7,1010.8,2.09
2026-02-22,32.7933,120.3447,20.1,1.79,15.3,14.3,1001.6,1.0
2026-02-22,32.7187,123.7512,21.1,2.85,14.0,9.2,999.9,0.88
2026-02-22,24.7621,114.9482,13.8,2.84,19.4,8.9,1021.8,0.61
2026-02-22,32.3511,130.0469,20.0,1.97,17.1,7.7,1007.9,0.53
2026-02-22,22.3324,114.217,11.9,1.76,17.7,12.2,1017.0,1.13
2026-02-22,34.4402,139.0665,22.7,2.47,14.6,10.5,1015.4,1.62
2026-02-22,38.1975,137.9555,14.0,1.71,12.2,7.5,998.0,0.7
2026-02-22,3.7213,102.6949,15.2,1.05,27.5,14.0,1003.0,0.65
2026-02-22,3.0764,102.6348,13.3,1.88,27.7,7.8,1010.1,1.74
2026-02-22,22.4878,119.1333,26.4,1.71,18.5,7.6,1000.6,2.18
2026-02-22,-36.0178,148.2857,20.9,2.17,12.7,9.1,997.3,1.69
2026-02-22,-35.6951,145.5271,29.2,2.58,14.1,9.0,998.3,2.0
2026-02-22,19.3535,75.894,24.8,2.12,19.1,8.2,997.8,0.87
2026-02-22,14.4998,79.9864,22.4,2.8,21.4,10.9,1005.9,0.23
2026-02-23,0.406,105.1129,23.2,2.13,29.3,14.2,1012.9,0.45
2026-02-23,32.3451,122.843,12.7,3.18,16.8,12.3,999.2,1.3
2026-02-23,28.3345,122.9901,28.3,2.04,18.0,8.6,1023.6,1.61
2026-02-23,25.3358,116.3208,22.9,2.89,17.9,14.7,1010.8,0.78
2026-02-23,36.254,131.4036,19.5,2.32,15.9,9.5,996.2,1.34
2026-02-23,21.3789,114.8436,18.2,2.05,21.6,13.3,1003.7,2.33
2026-02-23,35.6698,140.7635,20.7,1.85,16.0,12.0,1014.9,0.87
2026-02-23,34.1733,141.4367,12.8,1.63,13.8,11.7,996.6,0.87
2026-02-23,2.5819,102.3615,8.4,1.28,26.4,9.3,1020.8,1.66
2026-02-23,2.9753,101.4792,9.9,1.33,28.8,8.6,1012.6,0.38
2026-02-23,20.9404,120.1405,16.8,2.65,20.4,10.4,1024.0,0.42
2026-02-23,-35.3012,150.0214,18.0,2.54,15.0,9.6,1012.3,1.7
2026-02-23,-39.6166,142.7772,22.7,2.19,10.9,11.5,1013.8,1.4
2026-02-23,18.2057,75.207,17.9,1.44,20.7,9.5,1023.0,1.77
2026-02-23,12.893,79.8367,16.9,1.78,21.1,11.5,1023.7,1.13
2026-02-24,2.8254,104.5432,13.5,1.28,27.0,8.0,1011.3,1.44
2026-02-24,29.9905,123.0057,18.7,2.15,14.4,13.5,1021.2,1.21
2026-02-24,27.1944,118.8722,25.7,2.51,16.8,7.8,1003.7,1.26
2026-02-24,21.5309,111.4231,23.5,2.42,20.6,7.4,1001.2,0.52
2026-02-24,36.6221,129.0474,16.7,2.76,15.2,9.4,1004.3,2.38
2026-02-24,19.358,114.0791,22.3,1.43,18.5,11.8,998.6,0.41
2026-02-24,33.902,139.4928,26.7,2.31,13.0,8.0,1007.1,2.36
2026-02-24,37.3653,141.6883,22.3,3.03,14.2,13.9,1013.5,1.15
2026-02-24,3.8172,99.5088,22.4,2.0,25.2,12.9,1011.4,1.25
2026-02-24,0.1022,104.5542,24.3,1.64,28.6,10.1,1015.9,0.44
2026-02-24,22.1287,119.8504,11.4,2.07,19.7,7.1,1004.1,1.62
2026-02-24,-31.5095,151.9286,12.9,3.04,17.6,10.7,1016.7,0.81
2026-02-24,-34.9231,144.1096,27.2,2.43,13.8,12.6,1006.7,0.34
2026-02-24,19.8854,72.0627,22.9,1.82,21.1,13.3,1003.4,1.88
2026-02-24,11.9003,79.6343,25.2,2.16,22.9,10.8,1014.8,1.47
2026-02-25,3.8547,105.5043,17.4,1.11,25.8,14.6,1005.4,1.56
2026-02-25,30.6531,118.7433,26.6,1.75,14.5,7.8,1023.0,1.25
2026-02-25,31.4278,124.432,25.9,2.74,14.7,14.2,1000.2,2.16
2026-02-25,24.078,113.5782,12.3,2.38,17.1,13.8,997.2,1.88
2026-02-25,35.8188,131.1197,28.5,2.14,14.9,10.0,1024.7,1.46
2026-02-25,20.5177,112.6844,18.2,1.74,18.8,8.3,1019.4,1.98
2026-02-25,33.83,140.1429,23.2,2.69,13.7,13.5,1021.8,0.99
2026-02-25,34.8919,139.9175,13.9,1.89,15.4,14.3,1014.3,1.29
2026-02-25,4.9944,101.8222,16.7,1.51,26.5,11.5,999.1,0.35
2026-02-25,0.9271,102.8057,9.3,0.95,28.8,9.4,998.5,0.71
2026-02-25,23.2362,119.2869,14.9,2.92,20.7,9.0,1016.1,0.35
2026-02-25,-31.64,154.018,13.5,2.48,17.1,14.5,1010.0,1.08
2026-02-25,-40.4737,146.1482,15.3,2.5,13.9,9.1,995.9,0.94
2026-02-25,17.5152,71.9587,23.3,1.43,21.4,12.9,1022.7,1.66
2026-02-25,15.3523,78.6844,11.3,2.75,23.6,12.6,1018.0,0.28
2026-02-26,4.1766,106.5514,18.7,1.93,24.7,11.4,1023.4,0.8
2026-02-26,28.4809,118.6873,20.4,2.54,16.7,9.4,1020.5,2.34
2026-02-26,26.997,118.8761,24.8,2.78,17.6,13.9,1015.5,1.82
2026-02-26,22.8581,111.3707,24.1,2.49,18.8,10.4,999.1,1.16
2026-02-26,37.5625,131.9708,19.3,1.96,13.1,7.5,1002.0,1.49
2026-02-26,20.6821,115.6543,25.9,2.61,20.2,14.9,995.4,1.78
2026-02-26,37.5519,137.11,15.2,1.94,11.6,9.8,1014.7,0.74
2026-02-26,34.1982,140.2747,20.7,1.77,13.0,9.0,1011.3,1.29
2026-02-26,4.4113,100.5417,24.1,1.27,27.1,14.5,1018.4,0.84
2026-02-26,2.2839,103.7101,12.9,2.04,27.1,7.4,1022.0,1.75
2026-02-26,23.3585,118.9801,14.6,1.55,20.8,8.8,1017.3,0.66
2026-02-26,-34.6345,153.1076,15.0,3.23,15.3,12.2,1008.6,0.45
2026-02-26,-37.8202,142.1656,17.8,2.29,14.6,7.7,1003.4,1.54
2026-02-26,18.922,75.1281,17.1,1.3,19.5,8.5,1007.9,0.31
2026-02-26,11.9136,80.52,15.5,1.11,23.8,14.1,1022.7,2.2
2026-02-27,3.1517,104.3977,21.3,1.45,28.1,10.5,1007.8,1.8
2026-02-27,32.6429,118.8164,14.2,2.19,16.2,12.4,1020.8,2.26
2026-02-27,29.6493,121.9796,21.6,2.34,15.1,10.1,1017.4,2.23
2026-02-27,20.3343,111.149,24.3,2.87,18.4,9.0,1011.3,0.94
2026-02-27,34.5472,129.7689,18.8,2.69,15.7,13.5,1013.2,0.47
2026-02-27,22.7299,113.0953,15.5,1.61,19.0,10.5,1009.0,2.32
2026-02-27,35.5574,141.7163,16.4,1.69,15.9,9.2,1013.3,0.89
2026-02-27,32.828,137.7168,25.4,2.0,16.7,8.0,1013.9,0.52
2026-02-27,3.7077,98.6975,10.4,0.95,27.3,13.9,1012.4,0.29
2026-02-27,2.6661,100.9139,20.5,1.3,26.0,12.4,1020.7,0.98
2026-02-27,23.9372,120.9049,17.1,1.46,18.5,11.1,1002.1,0.92
2026-02-27,-34.6406,153.1455,19.7,2.66,16.0,8.1,1004.8,1.93
2026-02-27,-38.8037,144.4119,24.3,2.46,14.8,12.0,999.8,0.3
2026-02-27,21.5318,75.4227,11.3,2.31,20.9,11.1,1018.4,1.32
2026-02-27,13.5716,79.335,13.5,2.51,20.9,12.8,1006.4,2.4
2026-02-28,-1.2391,101.3158,24.1,1.21,27.5,11.6,1011.4,1.12
2026-02-28,32.6287,123.5593,21.3,1.61,15.2,11.2,1008.2,0.79
2026-02-28,31.8844,120.3024,16.4,1.92,16.7,9.9,1008.7,1.85
2026-02-28,20.2356,112.5042,23.2,2.75,19.6,9.8,1010.2,2.21
2026-02-28,36.0996,129.7069,20.4,2.31,14.2,13.6,998.8,1.38
2026-02-28,23.978,113.6151,21.1,1.57,17.7,9.3,1004.4,0.38
2026-02-28,35.2023,142.5498,22.5,2.66,15.4,14.2,1021.3,0.23
2026-02-28,33.1684,138.2183,21.9,3.12,16.1,8.0,996.0,1.15
2026-02-28,4.1403,104.3396,10.8,2.37,28.1,14.2,1005.6,1.09
2026-02-28,1.7036,104.8209,10.3,2.36,28.9,11.7,1013.5,2.39
2026-02-28,19.8987,121.7339,16.7,2.01,19.9,10.6,1020.0,0.84
2026-02-28,-34.0062,149.0169,15.7,2.86,16.4,14.5,997.5,2.17
2026-02-28,-37.2523,144.1823,24.0,2.27,13.3,11.1,1012.6,2.28
2026-02-28,16.5313,71.7356,16.0,2.13,23.2,11.6,1020.3,1.14
2026-02-28,12.0195,79.1822,12.6,1.31,24.6,12.9,1024.7,0.66
2026-03-01,1.4051,104.3028,18.7,1.0,26.6,7.9,1003.2,1.17
2026-03-01,33.5425,120.2046,28.1,3.23,16.0,14.4,1015.0,0.51
2026-03-01,28.1094,123.5767,24.6,1.47,18.7,14.7,1011.2,1.96
2026-03-01,19.5831,116.0529,11.0,1.58,22.2,11.6,1017.0,1.35
2026-03-01,37.1658,127.8452,14.8,2.83,14.9,10.6,1008.0,0.78
2026-03-01,24.5063,117.1279,23.7,1.54,17.9,7.6,1018.8,1.8
2026-03-01,34.6389,139.6927,17.3,2.64,14.6,13.2,1016.2,0.89
2026-03-01,37.9921,139.2383,28.9,2.99,12.5,13.7,1014.8,2.13
2026-03-01,0.2138,102.207,8.2,1.04,27.4,14.5,1015.2,0.78
2026-03-01,-0.7294,105.4322,20.6,1.3,26.5,14.0,1023.5,2.09
2026-03-01,24.124,117.3206,12.4,2.28,17.5,8.4,1007.5,0.78
2026-03-01,-34.5871,151.7127,23.5,2.39,15.2,8.4,1004.0,0.71
2026-03-01,-39.0609,144.8735,26.8,2.33,12.2,10.8,997.9,0.45
2026-03-01,21.2353,74.4813,15.7,2.92,19.0,12.3,998.5,1.22
2026-03-01,11.9961,77.9519,21.4,2.26,24.4,10.9,1019.1,1.28
2026-03-02,0.7623,102.2611,13.0,1.68,29.3,13.3,996.8,1.9
2026-03-02,29.8,120.3794,18.6,2.21,16.0,14.3,1003.0,1.8
2026-03-02,28.9073,123.4551,17.1,2.14,17.0,8.3,1001.2,1.58
2026-03-02,25.2304,114.7377,17.0,2.39,16.3,12.8,1019.1,0.4
2026-03-02,36.408,131.549,25.9,2.55,14.5,11.1,1005.9,0.64
2026-03-02,20.2613,114.3836,25.3,1.64,21.3,14.3,1004.9,0.67
2026-03-02,37.0762,142.2904,13.6,1.66,15.3,7.8,1006.9,1.27
2026-03-02,33.3854,138.4468,16.4,2.85,14.0,9.2,998.7,1.92
2026-03-02,3.9317,99.1872,21.1,1.35,24.8,7.6,1016.7,1.88
2026-03-02,0.8543,100.6375,22.2,1.85,26.3,12.9,1018.8,0.63
2026-03-02,23.2614,119.1745,16.6,2.19,17.0,9.2,1001.1,0.78
2026-03-02,-32.9325,151.0377,17.3,1.69,17.1,11.5,1009.5,2.2
2026-03-02,-37.6144,143.4308,13.3,2.48,12.9,10.0,1011.4,0.44
2026-03-02,17.2943,75.8026,17.1,1.58,20.8,11.5,1014.3,0.93
2026-03-02,14.9408,83.1256,11.6,1.42,23.6,10.9,1002.5,0.51
2026-03-03,1.9892,103.693,20.6,1.81,26.2,13.1,1002.6,0.89
2026-03-03,30.2576,119.3774,17.5,2.43,15.9,7.0,1015.7,1.86
2026-03-03,31.6365,121.8175,17.5,2.61,15.0,12.7,1010.4,2.09
2026-03-03,25.4996,111.5465,13.2,2.56,17.6,13.1,999.9,1.85
2026-03-03,33.1768,128.7012,28.9,1.6,14.8,8.4,1019.1,1.27
2026-03-03,23.8133,114.4519,18.0,1.83,18.5,9.4,1022.7,1.69
2026-03-03,35.8111,140.3409,19.1,2.7,12.6,11.2,1001.1,1.55
2026-03-03,36.7305,139.7543,17.2,2.4,15.5,14.4,1016.6,2.08
2026-03-03,0.812,101.5463,22.2,0.83,27.3,8.2,997.0,2.35
2026-03-03,0.233,101.675,19.8,1.72,27.2,7.5,1009.1,0.54
2026-03-03,21.73,120.6563,14.7,2.35,21.3,9.2,1019.6,2.11
2026-03-03,-33.362,150.0438,23.1,2.23,14.0,11.3,1014.8,0.37
2026-03-03,-39.8991,146.347,18.1,2.13,10.9,13.4,1012.6,1.89
2026-03-03,17.9309,74.5834,20.5,1.67,22.3,14.0,1015.1,1.24
2026-03-03,11.0913,81.9709,26.3,1.2,24.9,8.2,999.9,2.12
2026-03-04,0.2303,106.2277,8.9,1.68,27.7,12.3,1004.8,1.3
2026-03-04,28.9342,121.8346,18.3,2.1,16.6,9.5,1010.7,1.37
2026-03-04,32.168,123.5971,28.5,3.12,16.8,12.7,1020.2,1.43
2026-03-04,22.4837,115.7917,22.6,2.25,19.0,9.8,995.8,1.0
2026-03-04,34.9761,130.0958,25.0,1.94,14.6,15.0,1023.2,1.04
2026-03-04,20.3933,115.6552,10.9,2.0,20.2,7.0,1004.3,0.41
2026-03-04,34.8894,138.1729,28.3,2.61,12.6,9.2,1009.4,0.3
2026-03-04,36.6167,138.1562,23.5,3.26,15.1,13.9,1022.8,2.39
2026-03-04,3.7934,101.3418,16.6,2.37,27.5,13.5,996.1,0.26
2026-03-04,3.7276,101.4682,21.0,2.36,25.1,10.4,1020.4,0.32
2026-03-04,23.4522,117.6754,12.8,2.25,20.8,8.6,1013.4,0.24
2026-03-04,-31.8452,153.2987,17.6,2.71,17.2,11.7,1023.3,1.34
2026-03-04,-35.1703,144.3821,26.9,2.72,12.6,13.6,1010.0,1.8
2026-03-04,16.4537,72.6119,14.9,1.5,21.6,8.4,1017.4,2.04
2026-03-04,10.102,78.9133,15.3,1.6,24.3,12.6,1012.0,1.22
2026-03-05,-1.0122,101.3953,20.5,1.14,28.0,14.7,1018.0,1.94
2026-03-05,29.5356,120.7209,13.3,2.69,15.5,13.7,1014.3,2.18
2026-03-05,28.0148,123.079,14.0,1.51,17.9,8.4,999.2,0.89
2026-03-05,20.8989,112.1874,25.8,1.57,19.1,12.6,1002.9,1.28
2026-03-05,35.6518,128.1688,23.7,2.36,14.7,13.7,996.1,2.04
2026-03-05,21.6334,114.3971,14.5,2.47,19.0,13.5,1018.9,0.66
2026-03-05,36.8741,139.6729,27.0,2.97,12.0,13.2,1002.7,1.23
2026-03-05,32.6324,137.3298,23.5,1.84,13.9,11.7,1006.2,1.03
2026-03-05,3.5303,98.6031,20.4,1.95,28.1,7.1,1007.6,0.94
2026-03-05,2.2493,101.1502,23.8,1.37,27.0,8.5,995.7,1.98
2026-03-05,22.366,120.7572,18.4,1.98,20.6,9.0,1006.2,0.94
2026-03-05,-32.7975,150.0103,28.9,3.02,16.3,14.2,1010.2,1.13
2026-03-05,-36.1692,147.687,19.6,1.65,14.0,14.4,1021.6,2.32
2026-03-05,21.607,71.1423,27.4,2.56,18.1,9.7,1023.8,2.33
2026-03-05,11.9383,81.8656,23.2,1.85,22.0,7.0,999.4,2.14
2026-03-06,0.098,101.3342,12.0,1.15,26.3,9.0,1015.5,2.06
2026-03-06,30.476,121.3378,17.9,2.28,16.9,12.6,1022.4,1.67
2026-03-06,31.8564,122.7813,25.2,1.67,14.1,13.1,999.0,1.9
2026-03-06,24.9312,115.9766,23.7,2.08,17.9,7.6,1009.6,1.83
2026-03-06,35.6982,127.4058,23.1,2.9,13.6,9.7,1019.7,1.54
2026-03-06,23.8294,116.6569,22.2,1.56,17.5,8.7,1008.1,0.95
2026-03-06,36.6005,139.2046,17.7,2.27,15.1,7.3,1023.8,1.13
2026-03-06,33.425,140.732,26.6,2.33,13.3,12.5,998.0,2.1
2026-03-06,4.8213,98.4733,14.1,1.88,25.7,10.6,1009.6,2.31
2026-03-06,0.7722,105.1772,13.3,1.26,28.2,11.8,1019.1,1.19
2026-03-06,21.8643,120.1427,16.6,2.2,19.0,13.3,1024.4,1.37
2026-03-06,-34.568,152.2576,15.2,2.14,16.3,11.7,1000.9,1.99
2026-03-06,-36.4478,144.693,13.7,2.09,12.3,10.9,1006.0,2.16
2026-03-06,20.0682,71.4655,16.4,1.75,21.5,11.3,1000.4,0.99
2026-03-06,10.1878,79.2185,20.2,2.04,23.5,7.3,1017.2,0.75
2026-03-07,-1.2054,101.4194,20.5,1.9,27.3,9.2,1024.2,1.72
2026-03-07,29.695,123.4271,26.2,2.71,16.5,10.7,997.3,1.02
2026-03-07,27.7488,124.4051,22.5,2.92,16.7,14.8,997.4,2.24
2026-03-07,24.0387,113.5931,11.6,2.95,17.7,12.2,1021.5,2.04
2026-03-07,34.7802,126.7742,15.9,2.02,13.7,11.1,1020.6,0.74
2026-03-07,24.113,113.4148,19.3,2.63,18.4,13.0,1018.3,0.81
2026-03-07,36.7048,140.278,28.4,2.77,12.8,10.3,995.6,1.11
2026-03-07,33.2223,138.2403,22.6,3.2,14.4,8.8,995.5,0.91
2026-03-07,0.3823,100.127,20.2,2.21,28.2,12.1,1004.9,1.06
2026-03-07,3.9412,100.6244,14.3,1.48,26.2,10.7,1017.3,0.66
2026-03-07,23.8137,121.3393,15.5,1.38,20.1,14.7,1013.9,1.43
2026-03-07,-34.797,149.4546,29.4,2.2,13.6,9.5,1015.2,0.27
2026-03-07,-37.0644,142.9635,18.9,2.36,15.6,7.2,1024.2,1.42
2026-03-07,18.8944,71.3598,26.2,1.44,21.1,13.8,997.9,0.68
2026-03-07,16.0355,80.6952,13.2,1.43,22.9,12.9,1007.0,1.1
2026-03-08,2.798,103.361,18.6,1.41,26.4,7.8,1021.5,2.31
2026-03-08,32.8009,120.3804,21.5,2.2,16.7,11.0,1008.9,2.02
2026-03-08,29.565,124.0875,15.0,1.95,16.6,9.7,1008.9,0.58
2026-03-08,24.9868,113.358,22.4,3.01,17.9,12.1,1013.6,0.5
2026-03-08,35.8991,132.0691,23.0,2.84,15.8,9.6,1002.5,1.45
2026-03-08,22.1508,111.7152,17.2,2.56,20.9,12.2,1011.6,2.1
2026-03-08,37.7781,137.6186,19.3,3.13,12.0,14.5,1022.6,0.91
2026-03-08,34.2016,142.0047,16.1,2.34,13.7,11.8,1024.7,1.95
2026-03-08,5.8368,101.4013,10.7,1.96,25.1,14.4,999.8,1.22
2026-03-08,4.1368,100.5903,9.1,2.04,27.9,15.0,1020.9,0.35
2026-03-08,22.1298,118.8616,23.1,1.5,20.5,12.2,1011.0,0.25
2026-03-08,-33.984,152.5655,17.5,2.23,16.1,13.2,1005.9,1.78
2026-03-08,-37.7442,145.8609,20.3,1.85,11.9,9.1,1019.8,1.86
2026-03-08,16.6206,70.9652,17.2,1.75,23.2,13.4,1001.3,0.41
2026-03-08,13.9349,77.7151,25.1,1.95,21.6,9.1,1003.9,1.18
2026-03-09,3.0145,105.0493,18.1,1.88,27.9,8.2,1003.7,0.69
2026-03-09,30.4555,120.65,17.0,3.08,14.8,12.1,1009.3,1.17
2026-03-09,28.6376,123.0064,23.6,1.69,16.0,10.1,1014.1,0.26
2026-03-09,20.8131,112.8756,20.7,1.7,20.8,13.0,1024.9,1.09
2026-03-09,35.8904,127.0981,18.6,1.86,15.5,9.5,1006.2,2.1
2026-03-09,22.2308,112.1841,19.9,1.59,20.9,7.1,1023.4,0.95
2026-03-09,34.532,137.9962,17.3,2.89,15.7,12.2,1005.7,1.21
2026-03-09,37.9199,142.0758,27.3,3.08,14.4,11.2,1001.9,0.65
2026-03-09,3.9855,100.7909,10.2,1.45,24.7,11.4,1011.0,1.83
2026-03-09,3.5977,106.3716,9.4,1.84,25.6,9.0,1017.2,1.72
2026-03-09,23.5321,118.7719,22.9,2.1,17.0,11.9,1011.6,0.4
2026-03-09,-35.7287,153.1935,13.8,3.13,14.2,7.5,1001.8,1.49
2026-03-09,-37.326,144.7487,22.1,2.96,12.8,12.1,1000.9,0.46
2026-03-09,16.4502,71.1359,19.4,1.53,21.6,11.6,1012.5,2.09
2026-03-09,10.7518,82.5898,22.6,1.37,25.0,11.9,1008.7,0.2
2026-03-10,2.8176,104.4601,16.7,1.16,26.9,11.1,1023.5,0.86
2026-03-10,33.434,119.9678,17.1,2.5,14.2,10.5,1024.3,2.28
2026-03-10,29.7938,120.4592,28.5,2.26,15.1,7.5,1008.0,0.87
2026-03-10,25.0949,113.7171,22.2,2.27,17.0,13.2,1017.9,0.67
2026-03-10,35.1903,127.9957,21.7,1.76,13.5,11.9,1012.1,0.54
2026-03-10,20.2576,115.7678,24.1,2.7,20.6,8.3,1023.7,2.36
2026-03-10,36.5971,141.3828,26.1,2.07,15.5,10.8,1020.7,0.87
2026-03-10,33.3136,138.6403,18.5,2.81,14.8,10.4,1006.8,1.12
2026-03-10,4.5733,100.8245,25.1,1.5,27.4,14.8,1018.0,0.24
2026-03-10,2.588,101.8007,20.5,1.36,26.5,9.6,1018.7,0.92
2026-03-10,22.9871,118.4981,14.7,2.17,20.5,7.9,1002.3,0.92
2026-03-10,-33.9907,152.5369,20.5,3.21,13.0,12.3,1015.6,2.2
2026-03-10,-37.8914,143.644,23.4,2.28,11.7,12.1,1003.3,1.01
2026-03-10,21.4915,70.6177,13.1,2.55,18.9,13.2,1007.4,0.53
2026-03-10,10.9852,79.0638,12.9,1.19,22.7,11.6,1017.9,0.77
2026-03-11,1.4764,102.6005,8.6,2.15,25.7,13.3,1016.3,0.89
2026-03-11,33.351,123.9043,20.0,3.04,13.8,10.7,1008.8,0.93
2026-03-11,30.9343,122.7684,16.5,2.76,14.1,8.0,1007.3,1.07
2026-03-11,22.4612,111.3461,20.0,2.85,19.3,7.1,1008.1,0.27
2026-03-11,35.2049,130.8653,26.1,2.42,14.6,12.1,1017.0,1.44
2026-03-11,25.1647,115.8529,20.4,2.72,19.6,7.7,1022.7,1.54
2026-03-11,38.6339,141.1617,26.2,2.39,12.1,10.6,1021.4,1.83
2026-03-11,36.3464,137.0762,23.9,2.19,14.0,12.5,1019.6,1.15
2026-03-11,0.1289,101.8484,8.1,2.21,26.0,8.8,1007.8,0.77
2026-03-11,-0.3007,104.5962,13.6,1.58,28.5,13.2,1012.2,0.98
2026-03-11,24.9092,122.5049,13.9,2.67,17.1,8.5,995.8,1.52
2026-03-11,-31.8006,152.8861,21.4,3.13,14.9,9.5,1001.9,0.66
2026-03-11,-38.996,144.5088,17.8,3.26,11.7,9.8,999.1,2.18
2026-03-11,18.5877,74.9564,16.9,1.97,21.7,12.9,1006.4,1.18
2026-03-11,12.4778,78.5045,16.1,2.46,21.5,8.4,1022.4,1.79
2026-03-12,-0.9795,105.3916,10.2,1.65,28.0,13.0,1004.5,0.62
2026-03-12,34.1413,123.2724,18.7,1.99,13.2,10.7,995.2,1.97
2026-03-12,29.2702,123.689,17.9,3.06,18.0,10.5,1020.4,0.86
2026-03-12,25.5413,111.5646,22.3,2.03,18.0,14.6,1003.2,1.62
2026-03-12,34.1192,126.92,16.8,2.52,13.2,8.2,1015.9,1.88
2026-03-12,19.6864,115.9837,25.4,2.36,19.8,10.3,999.7,0.58
2026-03-12,38.2939,142.4421,25.7,3.03,11.8,14.0,998.3,0.56
2026-03-12,35.429,138.4744,23.4,3.13,13.3,9.6,1018.5,0.93
2026-03-12,5.3329,98.6053,23.5,2.47,24.1,10.0,1013.0,1.36
2026-03-12,-0.689,100.6386,23.3,0.97,29.7,7.9,1009.3,2.36
2026-03-12,24.7641,120.5218,13.6,2.38,18.9,9.5,1009.1,2.19
2026-03-12,-36.0996,152.1475,19.0,2.65,14.8,10.8,1017.5,2.07
2026-03-12,-39.6359,143.279,15.5,3.28,11.5,7.7,997.8,1.09
2026-03-12,21.2714,70.5829,14.7,1.59,20.4,9.6,1024.2,1.67
2026-03-12,13.2022,80.7337,24.8,2.39,21.4,10.4,1014.8,1.47
2026-03-13,3.898,101.0573,23.9,1.54,24.7,8.6,1000.5,0.51
2026-03-13,28.4351,123.2423,14.5,1.98,17.2,10.9,1005.3,1.58
2026-03-13,31.7702,122.0072,19.9,1.87,16.1,11.4,998.5,0.81
2026-03-13,24.1542,116.6012,17.0,2.85,17.6,13.5,1009.6,1.41
2026-03-13,36.1591,130.0837,18.6,2.49,12.2,9.9,1014.3,2.32
2026-03-13,20.0767,112.5322,18.5,1.44,20.4,9.4,1021.2,0.88
2026-03-13,35.2932,142.5562,14.1,3.06,14.3,10.2,1023.2,2.4
2026-03-13,33.613,141.6781,16.3,1.58,15.9,9.8,1013.0,0.53
2026-03-13,5.1596,101.5503,22.3,1.53,24.9,14.6,1010.9,1.02
2026-03-13,-1.0372,101.5428,18.9,1.87,29.0,13.0,999.6,2.27
2026-03-13,23.2853,122.4512,15.8,2.95,20.7,9.4,1022.0,2.34
2026-03-13,-31.5063,151.0173,14.5,3.09,13.7,9.0,1011.7,0.89
2026-03-13,-35.2753,145.6418,29.0,1.68,13.9,8.2,1019.7,1.88
2026-03-13,20.7918,75.657,14.9,2.6,20.5,10.1,1000.8,2.04
2026-03-13,10.5059,83.0508,14.1,2.55,22.4,12.9,1023.3,0.53
2026-03-14,0.9506,104.8854,21.1,0.84,26.1,9.5,998.1,1.58
2026-03-14,31.0571,122.4362,17.2,1.7,16.9,10.6,997.1,2.35
2026-03-14,32.3313,120.5923,16.9,3.2,15.0,14.1,998.4,1.23
2026-03-14,23.053,116.3154,22.8,2.66,20.1,8.8,998.1,2.39
2026-03-14,35.7995,129.6699,18.9,3.07,14.7,13.7,1023.9,1.13
2026-03-14,23.1477,116.3604,15.8,2.55,18.1,9.0,1010.2,1.12
2026-03-14,37.694,142.5488,14.4,1.81,14.6,8.9,1009.8,1.5
2026-03-14,36.4375,137.2618,26.1,2.81,14.1,13.7,1006.3,1.34
2026-03-14,5.5515,100.6955,19.0,1.93,27.0,14.6,1012.3,0.46
2026-03-14,2.9462,102.7132,19.8,2.4,26.5,10.1,1017.3,0.96
2026-03-14,24.3561,122.4148,21.0,2.23,20.3,13.5,1013.8,1.91
2026-03-14,-32.8544,148.3631,22.0,1.57,17.0,7.8,1022.6,1.96
2026-03-14,-36.4393,147.0597,17.2,3.0,13.2,14.8,1002.5,1.18
2026-03-14,16.2367,72.7007,27.0,1.61,22.9,8.7,1018.1,1.4
2026-03-14,12.014,79.6786,15.5,2.45,24.7,13.9,1005.0,1.56
2026-03-15,2.7294,105.8694,12.2,2.27,25.3,12.8,1014.2,0.89
2026-03-15,31.2136,119.5909,18.7,1.94,16.7,9.8,1019.2,2.17
2026-03-15,31.3969,124.2999,17.7,1.69,16.1,14.3,1016.0,1.43
2026-03-15,24.0837,114.2874,18.0,2.52,17.4,7.7,1012.9,2.13
2026-03-15,34.6074,127.6558,24.8,2.47,14.1,14.4,998.1,2.3
2026-03-15,24.2067,116.4941,16.2,2.31,16.9,15.0,1008.3,0.29
2026-03-15,35.9641,140.6554,17.4,2.44,15.3,14.9,1002.4,0.7
2026-03-15,36.3311,137.9338,13.1,2.02,12.0,11.9,1020.1,1.11
2026-03-15,3.3074,101.8085,15.5,2.31,27.0,12.0,1021.7,2.35
2026-03-15,2.8428,104.7895,25.1,2.23,25.9,10.0,1022.0,2.26
2026-03-15,21.5482,119.4438,27.2,1.51,21.1,14.9,1002.4,1.38
2026-03-15,-36.0962,154.0954,26.1,2.46,13.9,9.5,1019.2,1.53
2026-03-15,-36.493,146.2685,23.8,2.55,15.7,10.7,1012.2,0.32
2026-03-15,19.6627,72.9343,18.0,2.86,19.0,11.5,1011.8,0.33
2026-03-15,12.1683,82.4762,12.1,2.23,21.5,12.8,1012.1,2.28
2026-03-16,2.6568,105.1336,16.7,2.06,28.7,14.9,1001.5,1.19
2026-03-16,31.4608,122.5217,17.8,2.47,17.3,14.6,999.3,1.39
2026-03-16,30.9562,120.4308,12.2,2.52,16.8,9.9,998.6,2.35
2026-03-16,23.2262,114.2365,23.5,2.56,18.0,11.8,1017.8,0.59
2026-03-16,33.267,129.972,20.9,1.74,13.4,14.6,1012.2,2.29
2026-03-16,21.644,113.6148,22.7,1.52,19.0,7.8,1005.7,1.76
2026-03-16,37.9506,139.6484,16.2,2.33,12.1,14.9,1014.0,0.95
2026-03-16,36.9546,139.7812,13.3,2.65,15.6,7.5,1006.2,0.57
2026-03-16,5.7816,101.5747,8.9,1.58,23.9,14.2,1011.9,2.09
2026-03-16,4.0963,101.6799,19.1,1.2,25.3,9.8,1021.2,2.21
2026-03-16,23.2256,120.7453,26.3,2.52,20.5,8.4,999.5,2.0
2026-03-16,-36.6867,148.4419,22.0,3.24,15.5,13.5,1004.3,0.84
2026-03-16,-38.7193,143.0456,22.0,3.19,12.9,11.8,1024.9,2.22
2026-03-16,21.5768,75.5231,20.2,1.94,19.4,7.9,1011.6,0.94
2026-03-16,12.2769,78.7074,23.5,1.39,22.8,9.9,1022.5,2.23
2026-03-17,3.1557,106.31,20.5,2.3,25.2,11.2,1014.9,0.91
2026-03-17,31.3944,121.9242,21.2,2.17,16.0,8.6,1004.6,1.19
2026-03-17,28.0565,124.2095,19.0,2.16,15.4,7.2,998.1,1.43
2026-03-17,23.2011,112.8933,28.0,2.63,20.1,12.6,1010.8,0.29
2026-03-17,37.8603,127.9183,23.0,3.17,13.4,12.1,1017.2,1.38
2026-03-17,19.6025,112.9871,13.8,2.87,18.6,13.6,1021.2,1.82
2026-03-17,35.8201,137.72,19.1,2.78,15.7,7.8,1023.5,2.16
2026-03-17,36.7182,137.0758,16.4,1.97,14.3,7.1,1022.7,0.65
2026-03-17,4.1363,103.9459,8.6,1.3,27.6,13.7,1024.5,2.37
2026-03-17,3.3214,102.7797,22.7,0.95,25.3,9.0,1015.1,2.14
2026-03-17,22.1643,120.7246,25.6,2.36,18.2,14.0,1017.1,0.8
2026-03-17,-32.7271,150.7046,19.4,2.0,16.9,13.5,1009.6,1.52
2026-03-17,-37.0544,144.3359,24.8,2.39,14.2,8.8,1014.1,0.45
2026-03-17,21.3632,72.8827,14.0,1.83,21.5,9.1,1015.4,2.25
2026-03-17,12.4719,80.4883,14.5,2.05,21.6,8.0,1019.7,2.14
2026-03-18,3.9915,104.1805,17.0,1.1,28.4,10.8,998.3,0.7
2026-03-18,33.229,119.5806,25.4,2.91,14.0,11.9,1008.1,0.51
2026-03-18,30.4503,118.7903,27.9,2.78,14.9,8.7,1004.5,1.45
2026-03-18,25.2346,113.106,27.5,2.93,17.6,8.6,1014.3,1.06
2026-03-18,33.0982,127.8264,13.5,1.85,13.9,12.3,1008.2,2.12
2026-03-18,19.7356,112.6441,19.6,2.19,18.9,14.7,996.7,1.71
2026-03-18,35.1357,139.8559,23.2,1.87,16.1,10.0,999.3,0.43
2026-03-18,33.8457,138.9253,22.1,2.94,15.9,8.0,1001.7,1.58
2026-03-18,3.3818,98.8435,19.5,2.42,28.4,12.2,1003.5,1.56
2026-03-18,1.06,105.0374,19.8,1.86,27.0,14.9,1008.6,2.22
2026-03-18,20.5461,120.5201,16.9,1.5,20.6,8.4,1024.0,2.4
2026-03-18,-31.5772,150.4178,12.6,2.87,14.3,10.7,1016.3,1.39
2026-03-18,-39.4517,144.3765,27.5,2.28,14.4,10.4,1007.5,1.81
2026-03-18,18.6133,72.2822,16.7,1.77,20.4,12.8,1001.2,0.68
2026-03-18,11.2285,78.4383,24.3,2.17,24.1,14.2,1011.4,1.88
2026-03-19,0.7395,104.716,11.7,1.06,26.1,12.2,1004.0,2.03
2026-03-19,32.8779,122.2153,13.2,1.9,15.4,8.3,1006.5,1.34
2026-03-19,27.9502,121.2019,23.5,2.08,17.8,9.2,1017.4,1.44
2026-03-19,20.4782,113.4692,24.0,1.59,19.7,10.7,1021.0,0.49
2026-03-19,37.7671,127.9729,28.9,2.68,14.3,14.0,1015.3,1.93
2026-03-19,19.8338,111.2214,25.3,1.33,21.7,9.5,1022.1,0.65
2026-03-19,33.5798,137.9284,26.8,2.16,16.6,11.7,1019.8,1.25
2026-03-19,36.6653,138.3764,14.6,2.57,15.3,8.2,1007.5,1.37
2026-03-19,3.7097,99.3497,17.9,1.68,28.5,12.5,1022.1,2.35
2026-03-19,2.3452,101.4289,15.9,2.14,25.6,10.0,1006.4,0.58
2026-03-19,19.747,121.4301,24.5,2.82,20.7,8.5,1021.8,2.33
2026-03-19,-31.1892,151.61,27.2,3.17,17.4,7.6,999.0,0.86
2026-03-19,-38.4519,142.86,30.0,3.0,13.7,14.7,1004.6,1.77
2026-03-19,21.6425,70.4499,21.1,2.64,17.6,14.1,1007.5,0.57
2026-03-19,15.1902,78.4228,14.8,2.02,23.8,10.9,1022.2,0.31
2026-03-20,-0.2769,102.6918,15.7,1.54,26.1,13.0,1017.8,1.21
2026-03-20,28.7119,121.7813,14.0,3.1,17.3,12.9,995.6,1.04
2026-03-20,32.2955,120.8241,12.9,2.66,16.2,9.7,1019.1,2.08
2026-03-20,24.2478,113.5011,17.0,2.94,19.4,11.4,1009.7,0.79
2026-03-20,37.6597,131.5883,14.5,2.77,12.6,11.1,998.4,1.98
2026-03-20,24.1567,111.8117,12.5,1.97,17.2,13.4,1018.4,2.1
2026-03-20,32.7341,136.731,26.1,3.01,15.7,8.2,1013.8,2.12
2026-03-20,35.2083,141.8784,26.1,1.76,12.8,12.6,1001.0,1.84
2026-03-20,0.4869,98.9502,24.2,0.82,29.0,8.9,996.5,0.37
2026-03-20,0.2844,103.725,16.1,1.14,29.8,11.8,1000.6,0.83
2026-03-20,23.6843,122.4914,12.2,1.64,16.8,8.4,1000.9,0.52
2026-03-20,-33.6168,154.0456,24.4,2.74,13.2,8.5,1004.6,2.38
2026-03-20,-39.8391,145.7749,23.4,2.71,12.5,9.3,1007.8,2.01
2026-03-20,20.3626,73.1348,21.8,2.9,19.1,13.0,996.9,0.34
2026-03-20,12.148,81.6682,20.2,2.46,21.6,13.1,1016.5,0.23
2026-03-21,2.7559,101.3813,18.4,2.42,26.4,12.4,1015.3,0.34
2026-03-21,29.805,123.5121,19.6,2.72,16.3,11.0,1017.9,0.89
2026-03-21,32.8629,119.6857,22.4,1.6,14.6,10.7,1008.8,2.23
2026-03-21,24.622,116.8916,19.2,2.88,18.2,8.1,1017.5,1.12
2026-03-21,32.3265,126.9122,17.7,3.2,16.0,10.2,995.4,1.94
2026-03-21,23.2899,112.2061,21.2,1.63,17.3,10.1,999.5,0.94
2026-03-21,32.8063,139.0037,17.5,3.15,15.4,8.8,1009.6,1.79
2026-03-21,35.0408,142.322,15.4,3.23,12.6,14.7,997.0,0.91
2026-03-21,2.8602,100.1359,12.4,2.47,28.1,10.3,995.4,0.88
2026-03-21,-0.6864,104.3318,19.7,1.54,26.2,8.0,1003.5,1.79
2026-03-21,24.47,122.486,17.5,2.99,16.7,10.6,1007.5,0.66
2026-03-21,-34.9116,149.6099,27.5,2.11,16.1,14.8,1018.6,1.42
2026-03-21,-37.3503,143.9495,16.3,1.85,12.8,12.1,1024.1,0.7
2026-03-21,19.5069,71.3736,24.5,2.06,20.3,7.2,1010.3,0.41
2026-03-21,14.5839,81.0123,11.3,1.96,22.7,14.1,1023.7,0.79
2026-03-22,0.9872,105.5166,21.6,1.29,26.2,13.8,996.8,0.74
2026-03-22,32.0288,120.437,26.3,2.33,14.1,9.2,1004.6,2.37
2026-03-22,30.4969,121.7619,26.1,2.58,18.0,11.8,998.6,1.81
2026-03-22,23.9561,112.2276,24.8,1.81,19.8,10.4,1019.6,0.22
2026-03-22,33.7455,126.94,12.9,2.66,15.9,7.6,1008.9,2.2
2026-03-22,20.205,114.9247,20.1,2.26,21.2,7.9,1003.2,0.81
2026-03-22,36.914,139.3703,15.7,1.84,15.5,8.0,1021.0,1.42
2026-03-22,34.6566,138.5296,24.9,2.51,15.0,12.2,1006.9,0.92
2026-03-22,5.0164,98.6072,13.5,1.87,26.3,14.1,996.7,1.78
2026-03-22,-0.8468,100.9323,9.3,1.08,27.8,14.5,1002.1,1.86
2026-03-22,25.4612,119.3303,18.4,2.64,18.1,11.4,1010.7,1.61
2026-03-22,-34.4929,149.1392,26.6,2.95,14.4,7.9,1022.3,0.77
2026-03-22,-39.378,145.8317,22.7,1.76,14.1,8.8,996.3,0.68
2026-03-22,17.3459,70.8673,25.1,2.04,20.5,13.0,1015.1,0.24
2026-03-22,14.6759,80.2241,21.3,2.31,22.5,7.3,1012.7,0.66
2026-03-23,1.7867,100.8949,20.2,1.83,26.8,14.2,999.9,0.67
2026-03-23,31.4478,123.9649,24.8,1.98,16.0,11.1,999.8,0.64
2026-03-23,30.514,120.5509,17.6,1.92,14.6,9.3,995.9,1.53
2026-03-23,23.4516,114.1287,18.0,1.64,17.0,13.4,1017.3,2.12
2026-03-23,33.3805,129.4968,25.2,2.96,15.7,14.1,1019.5,0.99
2026-03-23,19.6455,114.9261,20.3,2.74,19.4,11.1,1004.3,0.68
2026-03-23,33.7617,138.6539,21.0,2.77,15.8,10.7,1006.7,1.86
2026-03-23,37.9686,139.5191,23.2,3.0,13.9,14.5,997.3,0.44
2026-03-23,0.0016,98.5872,8.9,0.82,27.1,7.0,1008.4,1.8
2026-03-23,4.1293,101.1324,14.8,1.99,28.3,12.9,1006.2,0.82
2026-03-23,23.5491,119.0862,11.7,1.53,17.4,10.7,1023.0,2.36
2026-03-23,-31.3814,148.9313,23.0,3.12,17.0,14.0,1023.0,0.58
2026-03-23,-40.1381,146.312,21.1,3.2,13.2,9.2,995.7,1.44
2026-03-23,16.3296,74.1023,13.8,1.84,21.2,7.3,1008.0,1.22
2026-03-23,11.1328,77.3503,24.7,2.16,25.5,14.0,1016.3,1.78
2026-03-24,-0.4935,102.4557,19.5,2.45,26.6,12.5,1019.3,2.39
2026-03-24,28.4952,121.853,26.4,2.38,17.7,13.3,1016.5,1.83
2026-03-24,28.5874,119.0745,18.1,2.83,17.1,10.0,1022.1,1.8
2026-03-24,22.7877,112.9822,21.9,2.0,19.5,10.0,1024.5,1.89
2026-03-24,33.0654,130.1115,27.5,2.68,14.8,14.7,997.6,0.76
2026-03-24,20.1451,116.7177,21.7,2.01,20.3,12.4,1021.7,0.96
2026-03-24,38.186,142.5466,15.6,2.23,13.7,13.0,1020.5,1.46
2026-03-24,38.3071,141.3917,27.1,2.33,14.4,14.0,1024.7,1.4
2026-03-24,3.1174,101.8528,12.7,1.81,28.6,12.9,1015.5,1.93
2026-03-24,1.2971,102.5019,22.4,1.46,29.2,11.2,1019.6,0.68
2026-03-24,21.7341,119.7494,23.7,1.46,20.1,10.6,1020.0,2.17
2026-03-24,-35.7388,148.2129,26.3,2.45,12.5,8.2,997.2,2.29
2026-03-24,-39.3626,144.3998,27.3,2.6,11.1,13.5,995.7,0.27
2026-03-24,16.6764,71.0658,23.4,1.29,20.5,14.6,1007.7,0.99
2026-03-24,12.5007,81.4576,14.8,1.74,22.0,10.4,1012.7,1.25
2026-03-25,1.9791,101.1032,16.6,0.9,26.5,7.2,1016.0,2.09
2026-03-25,30.5329,121.7078,13.7,2.65,16.6,9.8,1024.1,1.28
2026-03-25,27.0323,118.776,19.9,2.94,17.4,11.3,997.5,1.79
2026-03-25,23.8368,116.5918,18.9,2.6,17.7,14.9,996.0,0.88
2026-03-25,36.8426,131.2035,16.6,2.32,11.7,8.0,1020.9,1.92
2026-03-25,24.9325,113.836,19.9,2.14,19.1,10.1,1022.7,1.64
2026-03-25,32.9685,140.1643,24.3,2.37,16.8,9.3,999.9,0.84
2026-03-25,34.4322,137.296,15.2,2.99,13.4,10.9,995.2,1.91
2026-03-25,4.8408,103.8325,21.8,0.98,24.8,9.7,1015.5,2.06
2026-03-25,-0.2656,103.217,19.9,2.36,26.3,8.1,1017.2,2.28
2026-03-25,23.0039,119.93,17.3,2.5,17.1,11.2,1015.8,1.6
2026-03-25,-36.2308,151.0512,17.6,2.55,13.6,7.5,1002.9,2.29
2026-03-25,-38.6677,144.3711,28.8,3.2,14.5,8.0,999.9,1.45
2026-03-25,19.9377,72.6281,27.6,1.88,19.3,7.5,1018.7,0.61
2026-03-25,12.5622,80.6287,13.6,1.33,21.6,12.6,995.3,0.33
2026-03-26,3.0188,101.5285,19.7,1.86,24.9,14.0,999.1,2.23
2026-03-26,33.3939,123.2811,15.7,2.35,14.9,7.8,1006.6,1.59
2026-03-26,30.1167,123.3672,14.5,1.69,16.3,13.9,997.0,1.33
2026-03-26,25.4673,114.4548,15.6,2.65,19.5,9.9,1001.8,0.78
2026-03-26,32.5376,128.6668,27.1,2.85,13.5,12.4,1022.9,1.06
2026-03-26,22.9579,116.371,23.8,1.53,19.5,13.3,1021.7,1.62
2026-03-26,37.2088,137.594,23.1,2.12,14.6,10.5,995.9,0.35
2026-03-26,32.9528,141.9879,14.9,2.62,14.7,10.1,1008.9,1.97
2026-03-26,5.5027,100.221,17.8,1.48,25.1,14.6,1010.3,1.05
2026-03-26,3.589,104.6797,20.3,2.45,27.0,12.3,1012.2,1.23
2026-03-26,20.1732,120.2395,16.5,2.13,20.7,9.0,1003.0,0.8
2026-03-26,-35.1351,151.2904,18.0,3.12,16.0,11.5,1005.5,0.87
2026-03-26,-35.8592,145.0691,19.8,2.05,13.8,12.3,1018.0,2.16
2026-03-26,16.7856,74.571,15.3,2.34,20.9,11.3,1004.6,1.96
2026-03-26,13.5732,78.3112,22.1,2.59,23.3,8.6,1018.7,2.03
2026-03-27,-0.6113,104.7368,16.5,1.23,27.7,9.2,1012.0,1.38
2026-03-27,29.1085,122.1096,16.2,3.09,17.9,14.9,995.1,0.62
2026-03-27,32.473,124.1108,20.1,3.21,15.7,9.2,1012.0,0.64
2026-03-27,19.8491,113.6241,27.3,2.25,20.2,10.1,998.6,0.6
2026-03-27,34.3476,130.8834,13.5,3.0,13.8,11.4,1003.1,1.92
2026-03-27,24.8738,115.2897,14.8,2.87,18.6,7.1,1005.1,1.57
2026-03-27,34.3392,139.2291,16.5,2.61,14.9,9.1,1011.6,2.05
2026-03-27,33.3539,139.9603,17.8,1.91,16.3,13.6,1001.1,1.56
2026-03-27,5.7268,98.9471,21.4,2.59,24.9,10.9,997.9,2.06
2026-03-27,-0.3122,103.306,10.9,1.1,26.8,7.9,1002.2,0.88
2026-03-27,23.1051,120.8997,17.7,1.68,17.4,7.7,1016.4,1.17
2026-03-27,-32.4338,150.5162,22.8,2.17,15.6,9.2,1021.5,1.28
2026-03-27,-36.0761,145.1067,18.3,2.45,14.4,13.7,1013.2,1.02
2026-03-27,20.1706,73.5572,22.6,1.89,21.3,8.7,1004.4,1.09
2026-03-27,11.5753,79.0148,13.5,2.08,23.4,7.2,1023.1,0.74
2026-03-28,2.4758,103.5654,21.9,1.52,26.4,10.0,1009.7,1.79
2026-03-28,33.6855,119.0105,16.8,1.94,14.4,15.0,1009.4,0.57
2026-03-28,31.9902,122.4141,22.5,2.89,16.9,14.8,1005.9,1.87
2026-03-28,20.0829,116.553,12.2,2.43,18.4,7.6,1023.0,1.2
2026-03-28,33.9385,131.2266,17.3,3.11,13.7,9.5,1010.6,0.71
2026-03-28,19.8729,111.4823,21.8,2.57,22.1,14.5,1000.3,1.41
2026-03-28,38.3283,142.0198,17.1,3.02,11.9,12.7,997.0,0.42
2026-03-28,37.3474,137.7104,15.1,2.42,14.5,12.8,999.6,2.25
2026-03-28,1.4739,98.4525,22.7,2.14,27.5,7.2,1010.1,0.33
2026-03-28,-0.8283,100.8391,10.8,1.04,29.1,13.7,1012.2,0.81
2026-03-28,21.102,118.3523,12.7,1.69,20.4,13.0,997.0,1.03
2026-03-28,-36.8654,150.9739,26.5,2.77,13.2,11.3,1007.1,1.36
2026-03-28,-35.041,147.6228,18.7,2.61,15.2,13.0,1017.5,1.35
2026-03-28,18.396,72.9704,18.9,2.58,19.7,11.8,1006.0,0.86
2026-03-28,13.7091,79.7452,16.2,1.74,21.9,8.6,995.5,1.16
2026-03-29,2.121,101.735,23.0,2.19,28.2,12.2,1004.1,0.74
2026-03-29,28.3287,119.8361,19.2,2.26,16.8,10.7,1021.5,1.22
2026-03-29,29.3631,118.8521,28.0,2.98,18.3,9.4,996.6,1.22
2026-03-29,21.8624,114.9785,18.3,2.3,18.9,11.1,1009.3,2.25
2026-03-29,37.3914,128.9524,19.0,1.96,15.1,8.3,1024.8,0.52
2026-03-29,23.5859,112.7871,11.6,1.7,18.9,7.2,1007.1,1.96
2026-03-29,35.4379,140.3809,17.6,1.67,14.3,8.0,1008.2,1.27
2026-03-29,37.0255,136.8549,26.2,2.86,13.9,7.5,1024.0,2.25
2026-03-29,2.2675,102.3637,15.8,2.08,26.2,8.1,1022.4,0.41
2026-03-29,0.6653,102.9154,8.8,1.33,29.6,8.6,1012.1,1.12
2026-03-29,24.5828,118.2113,20.6,1.78,20.1,7.0,997.0,2.09
2026-03-29,-35.2758,151.1053,13.8,2.38,16.2,14.4,1009.8,0.38
2026-03-29,-38.056,147.3595,23.6,3.31,14.6,14.6,1002.7,1.43
2026-03-29,21.2849,74.8378,16.5,2.4,19.8,12.3,1020.1,1.5
2026-03-29,14.1783,82.1078,23.1,1.53,23.7,10.5,1003.2,2.27
2026-03-30,0.0937,106.6885,24.9,0.89,28.3,13.4,1002.7,2.01
2026-03-30,31.5605,123.5406,15.9,3.13,15.6,8.2,998.0,1.39
2026-03-30,29.0463,122.9991,19.0,2.01,15.0,8.3,1009.4,2.24
2026-03-30,19.941,112.9416,25.8,1.98,21.5,8.2,1009.2,0.27
2026-03-30,37.8052,126.785,17.0,3.13,13.3,14.7,1012.7,1.09
2026-03-30,24.416,112.8882,21.6,1.62,17.1,9.6,1006.3,0.38
2026-03-30,33.1688,141.4275,12.6,2.46,15.1,7.7,1024.1,1.98
2026-03-30,36.3315,142.589,12.9,1.91,12.4,14.9,1006.0,1.71
2026-03-30,4.9605,100.5435,18.4,0.98,27.6,9.6,996.2,1.48
2026-03-30,4.2911,104.2352,22.5,1.22,25.0,10.1,1024.8,0.44
2026-03-30,23.1875,120.994,20.0,2.73,18.1,7.5,1013.2,0.77
2026-03-30,-33.008,152.409,14.0,2.56,15.9,7.3,1020.6,1.66
2026-03-30,-36.6441,146.8247,19.0,2.48,12.9,12.6,1007.0,1.98
2026-03-30,17.3607,75.8591,15.6,1.74,20.2,8.2,999.7,0.37
2026-03-30,13.6088,77.977,11.6,1.87,21.3,7.6,1018.1,1.71
2026-03-31,1.7659,105.1638,15.6,1.05,27.9,14.5,1011.6,1.49
2026-03-31,33.855,119.7323,20.6,1.61,13.5,8.5,997.0,0.27
2026-03-31,31.9867,120.0571,15.4,2.36,16.2,10.2,1016.3,0.91
2026-03-31,20.3405,113.0193,27.1,1.97,19.3,14.3,1012.0,1.74
2026-03-31,32.2242,130.7748,28.5,2.22,15.4,14.9,999.4,2.15
2026-03-31,20.7594,114.7929,27.0,2.8,20.8,10.3,1018.1,1.59
2026-03-31,36.9444,141.4516,19.3,1.63,13.6,13.6,1010.0,0.66
2026-03-31,34.4388,140.59,25.1,2.42,14.7,14.1,1024.8,1.55
2026-03-31,3.6733,101.0096,24.6,2.24,26.4,12.8,1011.4,1.39
2026-03-31,2.8966,100.8161,14.0,1.56,27.4,13.3,1009.2,2.13
2026-03-31,25.2016,122.786,21.7,1.75,17.5,11.7,1008.5,0.86
2026-03-31,-32.9565,148.4416,16.3,3.07,14.2,9.1,1010.9,0.29
2026-03-31,-35.1015,144.6586,19.4,2.31,16.2,13.4,1003.2,1.99
2026-03-31,19.2292,72.452,19.1,2.85,21.7,12.1,1004.2,1.52
2026-03-31,10.3899,83.2039,13.0,2.16,23.1,7.9,1002.0,2.38
2026-04-01,1.6548,102.8235,17.5,1.18,28.1,7.6,1014.4,2.28
2026-04-01,28.3546,119.253,24.5,1.87,17.6,12.4,1007.5,2.19
2026-04-01,28.0929,119.5274,13.4,3.01,16.3,11.3,1011.5,0.35
2026-04-01,25.44,116.2972,25.9,1.37,17.1,13.2,1018.8,2.28
2026-04-01,37.9705,126.7558,20.7,1.85,14.3,13.2,1009.0,0.47
2026-04-01,23.3273,112.8392,12.5,2.66,18.3,10.1,1000.7,2.28
2026-04-01,37.0281,142.1158,23.5,3.27,14.7,14.9,999.9,0.95
2026-04-01,35.5762,140.7752,16.0,3.28,15.2,9.8,1005.2,1.06
2026-04-01,4.5405,99.0214,17.3,2.28,25.1,8.5,1014.1,1.9
2026-04-01,2.8484,100.9504,25.3,1.25,27.5,14.3,1009.8,1.9
2026-04-01,21.951,121.1566,14.3,1.36,19.3,7.0,1005.7,2.37
2026-04-01,-31.2653,152.1016,19.2,2.92,17.7,13.9,997.6,2.05
2026-04-01,-37.2457,145.3316,14.9,1.86,13.5,15.0,1016.8,0.95
2026-04-01,19.6996,70.1464,24.8,1.78,19.6,13.6,1003.8,2.09
2026-04-01,10.4122,79.0719,25.8,1.26,23.0,10.0,999.6,0.95
2026-04-02,0.7624,101.2983,17.1,0.94,26.9,9.4,995.7,2.36
2026-04-02,30.1969,122.7445,26.8,3.05,16.7,13.8,1005.9,0.41
2026-04-02,28.4535,120.5467,26.9,1.74,15.8,13.4,1001.9,0.81
2026-04-02,24.5919,114.3592,20.5,2.81,19.7,11.4,1012.3,1.72
2026-04-02,33.9628,129.3898,17.6,3.08,15.8,7.3,1022.6,1.12
2026-04-02,23.2667,112.7837,12.0,1.43,20.7,11.7,998.2,1.25
2026-04-02,35.4915,138.8171,21.9,2.04,14.6,11.5,1018.8,0.38
2026-04-02,33.454,140.5289,22.1,3.02,15.5,7.1,1001.6,1.76
2026-04-02,1.0162,104.1437,22.8,1.69,29.6,7.0,1010.7,0.8
2026-04-02,3.13,105.2066,11.6,1.8,25.0,8.7,1015.0,0.62
2026-04-02,22.794,119.367,17.9,2.31,20.8,9.3,1002.5,2.08
2026-04-02,-36.1209,150.7306,23.8,2.45,15.9,10.2,1000.7,0.76
2026-04-02,-40.0445,143.0692,24.2,1.89,13.1,8.1,996.2,2.4
2026-04-02,20.4192,74.339,22.4,1.48,18.9,14.7,1012.2,1.63
2026-04-02,14.3861,82.2505,10.2,1.3,21.2,8.2,1016.7,1.93
2026-04-03,3.5031,102.8026,15.5,2.0,27.4,10.5,1001.0,1.6
2026-04-03,29.4711,120.5928,26.7,2.91,17.2,10.9,1023.5,1.16
2026-04-03,28.381,121.1438,14.5,2.76,18.3,13.0,1010.7,0.65
2026-04-03,20.2056,112.7812,15.5,1.55,21.2,10.8,1017.9,0.34
2026-04-03,34.9062,127.8948,16.5,1.92,15.9,13.7,1023.9,0.79
2026-04-03,22.2014,113.7982,13.2,2.62,19.9,10.1,1024.6,1.41
2026-04-03,36.5275,137.5185,17.4,2.24,12.8,7.8,1020.9,1.34
2026-04-03,34.305,139.0603,13.6,3.19,13.1,14.2,1002.6,0.74
2026-04-03,5.7461,103.9882,23.3,1.9,27.5,14.4,1013.8,2.35
2026-04-03,-1.6178,106.3007,13.8,2.01,27.6,11.5,995.0,0.63
2026-04-03,20.2781,119.1394,23.7,1.68,21.3,11.7,1013.9,1.67
2026-04-03,-31.1049,151.6006,18.2,2.14,16.4,14.1,1004.7,2.09
2026-04-03,-38.6723,146.5167,22.2,2.5,12.7,11.5,1015.7,0.43
2026-04-03,21.3255,71.3393,25.6,1.62,19.4,15.0,997.2,1.7
2026-04-03,15.9383,79.9184,12.4,2.41,20.7,7.8,1002.7,2.22
2026-04-04,0.7451,106.7999,19.0,2.33,29.3,7.7,1022.7,1.55
2026-04-04,28.7915,119.9756,22.0,2.71,18.6,8.9,1009.3,0.81
2026-04-04,27.8705,123.088,24.1,2.99,17.1,14.9,1018.9,2.15
2026-04-04,20.1437,114.0801,14.6,2.23,18.2,12.6,1023.0,1.86
2026-04-04,35.5173,127.0614,25.3,3.26,14.5,12.3,1000.8,2.01
2026-04-04,20.7246,111.4406,13.8,2.67,18.7,9.4,996.8,1.19
2026-04-04,36.3881,136.8392,25.2,2.84,13.3,13.1,1017.8,2.04
2026-04-04,35.0346,140.7655,26.8,1.85,13.9,8.4,996.1,0.59
2026-04-04,5.0574,100.9221,10.1,1.18,24.3,10.3,1008.0,1.74
2026-04-04,-0.6409,104.8312,20.2,2.32,27.9,14.2,1012.8,2.32
2026-04-04,23.141,119.2817,18.8,2.72,19.4,12.3,1001.5,1.19
2026-04-04,-35.836,153.2294,20.3,2.13,14.5,14.4,1018.9,2.04
2026-04-04,-39.636,143.7363,26.4,2.47,11.0,11.7,1018.9,0.48
2026-04-04,16.2727,74.3735,19.2,2.62,21.9,10.2,1014.5,1.77
2026-04-04,14.9829,77.5877,13.1,2.62,23.4,8.9,996.5,2.09
2026-04-05,1.5523,101.297,17.4,0.98,27.5,7.7,1002.8,1.41
2026-04-05,33.1991,118.7378,20.8,2.96,13.6,13.3,1016.0,0.4
2026-04-05,27.7552,121.1981,18.9,2.49,15.5,13.1,1008.8,1.7
2026-04-05,25.4996,113.084,12.0,1.39,16.2,12.3,995.7,1.98
2026-04-05,32.3617,128.0106,25.2,2.89,15.8,7.7,1000.7,2.3
2026-04-05,19.9089,115.8713,19.8,1.87,21.4,13.0,1013.1,1.78
2026-04-05,38.6066,138.5274,24.6,3.01,13.0,9.3,1003.8,0.55
2026-04-05,35.7184,137.5257,24.1,2.51,13.3,11.2,1018.0,0.53
2026-04-05,4.9461,100.1339,19.2,0.98,25.6,7.3,1008.0,0.26
2026-04-05,1.9573,100.5658,12.7,1.26,26.6,9.7,1005.8,1.33
2026-04-05,22.8075,119.7325,20.6,1.71,17.7,9.2,1001.8,0.91
2026-04-05,-32.9009,150.4066,26.4,2.87,14.7,7.3,1016.4,1.58
2026-04-05,-40.4954,143.2106,20.4,3.16,12.5,11.9,1018.6,0.24
2026-04-05,19.6963,73.769,26.6,2.81,19.1,7.5,1003.0,0.3
2026-04-05,10.8172,79.6208,23.6,1.25,24.0,11.2,995.1,1.58
2026-04-06,-0.1578,105.9936,11.0,2.42,27.9,14.4,1010.5,1.03
2026-04-06,32.8135,121.6436,13.5,1.98,13.9,7.5,1015.9,1.56
2026-04-06,28.6392,119.5692,21.5,2.57,17.8,10.3,999.8,0.73
2026-04-06,22.0619,115.3598,17.2,2.52,19.5,8.7,1004.3,1.91
2026-04-06,32.6726,131.3163,26.3,2.02,17.2,10.1,1005.6,1.85
2026-04-06,23.8652,116.367,11.9,2.02,17.6,12.4,1005.2,1.7
2026-04-06,34.4392,142.4056,28.1,1.6,12.9,10.0,1007.3,0.82
2026-04-06,34.1873,140.0923,26.4,2.42,16.4,13.2,1016.9,1.01
2026-04-06,3.3365,101.4058,11.5,2.54,26.0,14.8,1009.0,2.03
2026-04-06,-1.2688,104.6785,8.8,2.0,25.7,13.8,1002.2,2.22
2026-04-06,20.8809,121.8917,16.8,2.67,18.9,9.5,1016.3,1.07
2026-04-06,-35.5375,149.0578,14.5,1.75,14.6,11.2,1016.6,1.93
2026-04-06,-37.5473,145.6018,16.4,2.64,13.9,8.6,1001.5,1.09
2026-04-06,17.888,71.3058,25.4,2.65,21.9,14.6,1022.5,1.55
2026-04-06,13.112,81.8211,15.3,1.75,22.7,11.0,1007.2,1.42
2026-04-07,3.4744,106.2029,8.6,1.19,27.9,15.0,995.9,0.43
2026-04-07,32.9022,119.1458,14.6,2.55,16.9,9.0,1006.3,1.24
2026-04-07,31.0853,120.1273,17.0,3.16,14.4,12.8,1007.5,0.21
2026-04-07,23.2694,112.3401,17.4,2.66,17.5,7.5,1004.3,0.36
2026-04-07,32.9186,129.2314,25.5,2.02,15.4,8.8,1006.9,1.25
2026-04-07,24.3477,114.6887,24.1,2.03,17.2,12.8,1023.2,1.53
2026-04-07,35.7113,137.0913,20.4,2.16,13.8,7.7,1023.0,1.73
2026-04-07,37.5874,138.4017,21.8,2.33,14.4,13.6,1013.9,1.91
2026-04-07,2.025,101.3543,15.0,1.59,28.4,7.4,1015.8,0.46
2026-04-07,-0.8653,105.2308,8.4,0.89,26.4,14.9,1010.6,0.65
2026-04-07,21.9708,122.6086,12.4,2.77,17.6,8.2,1008.7,0.9
2026-04-07,-32.3978,148.809,15.3,1.89,17.0,9.8,1019.5,1.32
2026-04-07,-39.7132,145.3953,21.5,3.12,12.3,11.5,1022.1,1.57
2026-04-07,21.8534,74.9398,15.9,2.92,18.0,9.4,1011.6,1.95
2026-04-07,15.9936,81.9522,16.0,1.56,23.2,14.3,1017.1,1.36
2026-04-08,0.735,102.1237,19.1,1.86,26.2,7.8,1006.1,1.72
2026-04-08,28.3387,123.4072,20.4,3.12,17.3,7.5,1003.7,1.46
2026-04-08,32.4781,122.8319,20.0,1.96,16.6,10.2,1012.9,1.46
2026-04-08,25.1986,113.5823,22.0,2.73,19.7,12.3,1019.9,1.61
2026-04-08,36.7366,130.5517,24.4,2.91,15.1,7.7,1010.7,0.52
2026-04-08,24.0205,114.6451,22.0,2.3,17.2,11.5,1003.8,1.9
2026-04-08,38.0002,140.0672,26.5,3.1,15.0,14.1,998.3,2.05
2026-04-08,37.2862,137.9762,26.2,2.95,13.2,11.5,1023.8,0.32
2026-04-08,3.7333,98.5378,18.0,1.15,27.1,10.7,1007.5,2.16
2026-04-08,2.2136,101.5925,12.0,1.8,29.1,8.8,1013.2,0.92
2026-04-08,23.6026,122.7486,22.2,2.85,18.9,12.3,1011.8,0.24
2026-04-08,-31.9562,149.9175,12.3,2.1,15.2,12.3,1024.4,2.18
2026-04-08,-37.416,144.568,13.5,3.0,14.6,10.2,1017.9,1.4
2026-04-08,16.8296,73.917,11.8,2.11,21.7,9.8,1013.9,2.23
2026-04-08,11.3825,80.6415,23.3,1.22,24.9,14.1,1018.0,1.98
2026-04-09,0.1724,102.8731,23.7,1.01,29.3,13.2,1007.0,0.53
2026-04-09,31.7561,123.1126,26.7,1.97,17.2,13.8,1020.0,0.56
2026-04-09,31.3823,118.5499,23.5,2.37,16.2,14.3,1006.7,2.4
2026-04-09,20.2438,116.9358,17.3,1.59,18.5,8.5,1013.4,2.01
2026-04-09,37.1195,126.2285,29.0,2.26,11.8,12.2,997.4,1.59
2026-04-09,19.7583,115.5958,11.6,1.93,19.0,12.0,1000.9,1.48
2026-04-09,35.3361,139.1171,15.2,2.83,13.1,9.2,995.5,1.29
2026-04-09,35.0999,138.327,15.4,2.79,14.1,8.1,1007.1,2.1
2026-04-09,4.0284,101.9779,14.4,1.83,24.8,14.0,1016.7,2.02
2026-04-09,3.899,106.0875,25.2,1.85,28.2,7.5,1018.3,0.25
2026-04-09,25.2467,121.3492,15.8,3.01,17.0,10.6,997.7,0.49
2026-04-09,-31.2805,150.3566,28.0,1.84,17.5,10.2,1009.0,2.24
2026-04-09,-38.0281,143.1926,30.0,3.19,13.9,7.6,999.9,1.04
2026-04-09,17.2631,72.4829,24.3,2.85,20.6,10.7,1011.4,2.35
2026-04-09,12.3386,78.413,17.3,2.59,23.4,9.5,1012.8,1.8
2026-04-10,-0.6976,104.3248,8.9,2.28,26.9,7.3,1019.5,1.15
2026-04-10,29.939,118.7911,19.7,2.62,17.7,10.2,1011.0,2.24
2026-04-10,32.2986,122.9895,20.8,2.39,17.1,7.6,1020.0,1.61
2026-04-10,24.8122,116.4235,21.3,2.76,16.8,8.5,1010.6,2.34
2026-04-10,33.2093,129.3524,24.9,2.37,16.0,11.9,1002.0,1.14
2026-04-10,24.2773,116.4178,20.4,2.83,20.0,8.4,1015.4,0.9
2026-04-10,32.8511,138.0237,25.1,3.16,13.3,13.3,1012.7,1.78
2026-04-10,35.0158,140.7225,29.6,2.35,15.2,10.2,1023.1,0.72
2026-04-10,2.4305,103.0793,10.8,2.2,26.5,7.0,1011.2,0.39
2026-04-10,3.4061,101.6317,19.2,1.43,25.3,14.9,1015.4,1.65
2026-04-10,19.7163,119.3117,27.4,2.83,21.1,10.2,999.5,0.36
2026-04-10,-32.961,153.8317,13.6,2.5,14.5,10.2,1008.7,1.51
2026-04-10,-40.577,145.5069,26.5,2.16,11.9,11.9,1003.7,1.4
2026-04-10,16.0469,70.9015,25.3,1.22,21.1,7.3,1013.2,1.81
2026-04-10,14.0566,80.5244,26.4,2.13,23.3,11.1,1003.8,0.49
2026-04-11,3.5852,102.8783,21.0,1.75,27.1,12.2,1003.5,1.19
2026-04-11,31.5046,121.221,26.0,3.05,16.5,10.5,1005.7,0.59
2026-04-11,32.2395,120.9539,18.9,1.85,16.5,12.3,995.8,1.55
2026-04-11,21.1925,115.7394,27.2,1.38,20.3,14.8,1009.8,1.37
2026-04-11,34.4864,126.9751,23.2,3.12,14.6,12.7,999.6,2.03
2026-04-11,21.24,114.6302,19.2,2.55,20.9,11.3,1015.4,0.2
2026-04-11,36.5375,140.7443,26.3,2.24,14.6,14.1,1014.9,2.11
2026-04-11,36.9771,138.9789,25.3,2.19,13.4,7.3,1015.2,0.57
2026-04-11,5.3986,99.4554,21.4,2.37,25.0,8.5,1010.7,1.21
2026-04-11,0.7264,101.3911,22.1,1.86,26.5,9.0,1023.5,1.7
2026-04-11,24.0635,122.3819,24.6,2.75,17.5,14.5,1011.4,2.18
2026-04-11,-33.4332,148.8279,19.3,1.99,15.7,14.3,1000.6,1.88
2026-04-11,-36.4791,147.5561,15.9,3.22,13.4,14.7,1000.2,2.28
2026-04-11,17.2798,74.1191,16.1,2.22,22.0,7.8,1020.8,2.27
2026-04-11,10.72,81.5344,15.7,1.08,24.4,11.2,1023.7,2.29
2026-04-12,1.6424,100.9458,13.7,1.67,28.1,13.6,1001.7,0.63
2026-04-12,31.9992,119.1936,23.7,2.38,15.9,14.4,998.4,1.26
2026-04-12,29.7738,118.8253,20.8,2.66,16.7,9.2,996.1,2.04
2026-04-12,20.8042,112.9034,16.3,2.03,19.2,9.6,998.2,1.8
2026-04-12,34.3763,131.3922,26.5,2.37,16.0,11.2,1002.1,1.14
2026-04-12,24.4287,111.4442,27.6,1.79,19.9,12.6,1014.3,0.44
2026-04-12,38.3785,141.405,13.7,2.25,12.9,11.9,1023.4,0.47
2026-04-12,35.9941,139.4753,13.8,2.85,12.5,10.8,1003.2,0.49
2026-04-12,5.0682,101.5607,23.2,1.5,24.7,8.1,1004.9,1.98
2026-04-12,3.2184,103.1179,9.4,1.42,27.8,11.1,1018.8,1.19
2026-04-12,22.2805,119.0933,13.8,2.13,18.7,9.7,1017.2,1.67
2026-04-12,-33.6207,150.2465,22.5,3.19,16.1,9.5,1016.4,1.55
2026-04-12,-39.7469,142.7365,29.6,3.23,14.4,13.5,1007.8,0.93
2026-04-12,16.7667,75.0576,25.2,1.25,22.7,10.0,1001.9,1.62
2026-04-12,11.4752,83.0215,11.8,2.55,25.1,13.6,1019.0,2.11
2026-04-13,-1.2943,100.8854,14.0,0.89,26.3,12.1,1011.7,0.6
2026-04-13,28.8326,120.2933,26.3,2.33,16.3,11.7,1024.9,1.28
2026-04-13,29.8658,123.6461,28.8,1.84,16.2,12.1,1008.2,2.29
2026-04-13,23.402,111.9561,11.2,1.94,19.0,12.9,1000.0,1.01
2026-04-13,33.4345,131.8277,21.4,2.91,13.7,11.3,1019.5,1.82
2026-04-13,20.4618,111.5469,14.1,1.5,21.4,7.1,1004.1,0.4
2026-04-13,34.9391,136.699,14.2,1.99,13.5,8.3,1016.5,1.22
2026-04-13,32.5891,137.6284,20.4,2.41,13.7,10.6,1018.6,2.18
2026-04-13,2.8805,100.3251,21.1,1.48,27.4,10.9,1006.4,2.1
2026-04-13,4.0148,102.5016,19.1,1.76,27.5,12.4,1008.6,2.18
2026-04-13,22.9501,121.6787,17.7,2.24,17.8,10.5,998.6,1.23
2026-04-13,-36.4889,152.3342,16.2,2.95,14.7,14.4,1014.7,2.33
2026-04-13,-35.0735,147.5196,18.2,1.87,14.7,11.5,1013.4,1.83
2026-04-13,21.2393,75.6836,23.3,2.63,20.4,11.7,1014.2,0.72
2026-04-13,13.3867,78.6894,12.6,2.21,23.6,9.0,1012.3,2.17
2026-04-14,-0.4906,104.1876,13.3,1.52,27.8,12.2,1017.1,2.14
2026-04-14,29.5436,123.3232,16.9,3.06,16.8,9.1,1002.6,1.98
2026-04-14,31.5179,122.2113,24.5,1.81,15.5,13.6,1020.8,1.17
2026-04-14,20.6639,112.1039,11.9,1.35,19.0,14.2,1009.1,1.36
2026-04-14,35.1658,126.7507,21.0,3.1,13.6,11.6,1011.7,2.21
2026-04-14,20.7775,112.0648,24.6,2.54,18.3,13.3,1006.9,1.94
2026-04-14,37.8541,139.9382,16.0,3.14,12.3,11.4,1013.2,2.27
2026-04-14,37.7527,139.7497,21.6,2.61,12.7,8.7,1017.2,1.75
2026-04-14,2.2332,101.486,11.4,1.93,26.7,7.5,1020.1,1.85
2026-04-14,4.3473,105.1604,12.0,1.37,25.5,14.4,1014.4,1.99
2026-04-14,24.7584,120.7445,13.2,1.46,19.7,8.3,1001.3,1.8
2026-04-14,-31.4776,153.4149,12.6,1.75,16.1,13.2,1016.9,1.49
2026-04-14,-38.7241,142.1073,18.3,2.47,13.6,12.9,1000.8,1.55
2026-04-14,17.1279,69.981,17.3,1.98,20.2,11.7,997.8,2.33
2026-04-14,10.9538,77.5612,12.0,1.3,22.6,7.9,1015.6,1.74
2026-04-15,1.0523,103.6513,19.4,0.91,28.0,13.0,997.7,0.45
2026-04-15,30.6466,119.2507,15.2,1.69,17.0,10.6,1016.7,1.66
2026-04-15,32.4215,123.1037,28.2,1.86,15.9,12.8,996.1,1.46
2026-04-15,22.1318,113.0818,20.1,2.41,19.2,14.0,1019.3,1.91
2026-04-15,32.8014,130.6618,17.2,1.7,14.4,13.3,1015.5,1.58
2026-04-15,20.163,113.1923,10.8,2.38,22.1,8.2,1003.6,0.48
2026-04-15,37.7161,140.1987,24.9,2.26,15.2,12.8,1020.2,0.35
2026-04-15,36.8964,140.5689,26.6,1.98,14.3,11.8,998.8,1.73
2026-04-15,2.9793,98.5025,10.0,2.51,25.3,9.2,1007.7,0.99
2026-04-15,0.3218,102.7491,13.3,2.38,26.7,7.2,1023.2,2.15
2026-04-15,24.2984,117.4553,28.1,2.92,18.2,9.9,999.9,0.71
2026-04-15,-33.8997,148.5712,22.7,1.66,15.7,14.7,1007.9,2.1
2026-04-15,-40.6793,143.3323,15.6,2.18,12.8,14.2,1005.3,0.77
2026-04-15,21.1342,74.9181,22.5,2.36,18.7,12.7,1003.6,0.75
2026-04-15,10.8309,80.9675,24.9,1.73,23.8,14.3,1014.2,1.01
2026-04-16,3.6485,102.7015,9.6,1.63,27.3,15.0,1006.2,1.14
2026-04-16,29.2653,119.9503,20.1,1.63,18.0,9.0,1008.0,0.44
2026-04-16,30.1979,123.1589,25.6,2.35,14.4,7.2,1022.3,1.94
2026-04-16,22.8662,111.6602,17.8,2.61,17.5,8.3,1010.5,1.4
2026-04-16,35.2807,130.9496,24.1,2.35,12.9,7.2,1016.6,2.34
2026-04-16,23.5451,113.9501,14.5,1.4,18.7,9.0,1008.9,0.7
2026-04-16,33.1544,136.9371,27.2,2.15,15.2,9.2,1004.0,1.96
2026-04-16,33.4936,140.8624,12.9,2.51,13.7,11.3,1010.8,0.98
2026-04-16,2.5555,100.9769,12.7,0.91,25.5,7.0,1001.0,1.68
2026-04-16,3.595,101.7512,15.3,2.28,28.3,10.5,1002.6,1.16
2026-04-16,21.989,122.2406,12.3,2.28,19.5,13.6,1016.0,1.25
2026-04-16,-36.6763,154.0882,19.7,2.34,13.0,9.6,1012.7,1.86
2026-04-16,-36.043,142.2666,22.8,2.73,12.5,9.0,995.6,1.64
2026-04-16,19.4633,73.2148,26.6,1.35,21.3,13.1,1020.7,1.59
2026-04-16,11.7,77.2889,13.8,2.76,21.7,13.3,996.3,1.54
2026-04-17,1.3013,105.699,13.2,2.24,28.8,14.4,1006.9,1.53
2026-04-17,34.1686,122.307,23.6,1.9,15.1,12.5,1019.4,1.04
2026-04-17,30.2076,120.2997,19.0,2.12,14.7,8.7,1003.6,0.31
2026-04-17,22.4225,112.6549,15.0,1.59,18.6,8.5,1017.1,2.33
2026-04-17,36.198,129.6463,22.7,3.15,15.9,10.6,995.4,1.77
2026-04-17,24.7857,112.1603,18.6,3.03,19.0,7.2,1009.0,1.33
2026-04-17,37.5951,139.8936,15.9,1.79,11.6,8.3,1015.0,0.26
2026-04-17,37.2632,140.4046,14.6,3.21,15.3,14.5,1019.0,0.72
2026-04-17,4.1061,102.9056,18.3,1.9,27.9,13.2,1008.5,0.52
2026-04-17,-0.9663,106.4051,24.5,2.06,27.8,12.0,1023.9,2.24
2026-04-17,22.6766,122.1933,25.5,2.95,20.9,14.2,1004.1,0.5
2026-04-17,-32.3218,150.917,27.3,2.12,15.5,14.4,1012.1,1.17
2026-04-17,-37.7725,144.5891,13.2,1.93,14.6,9.1,996.4,1.24
2026-04-17,18.7896,70.5137,24.8,2.65,20.2,7.7,1012.9,0.4
2026-04-17,13.9704,77.7749,12.5,2.63,23.3,11.7,1018.7,1.52
2026-04-18,0.8311,106.2748,10.7,2.05,27.2,14.5,1015.1,2.07
2026-04-18,32.2179,118.7739,13.0,2.12,16.3,9.1,1018.7,1.94
2026-04-18,29.4094,120.6717,12.7,2.98,17.1,8.4,1003.5,2.17
2026-04-18,23.6887,114.407,16.8,1.97,17.2,14.4,1012.4,2.09
2026-04-18,36.1314,129.9227,15.9,2.69,15.5,14.4,1016.1,0.82
2026-04-18,22.9782,113.4718,15.3,1.76,19.5,7.2,1008.6,0.89
2026-04-18,33.0648,136.72,21.9,1.71,13.7,14.8,1005.7,1.87
2026-04-18,37.3968,139.0778,22.2,1.84,13.5,11.6,1018.7,0.69
2026-04-18,3.2077,101.5962,17.0,1.92,28.3,8.1,1002.8,1.25
2026-04-18,4.3056,105.0664,16.1,1.87,26.0,12.0,996.9,0.86
2026-04-18,20.914,122.2796,20.8,2.55,20.8,9.9,1017.7,1.52
2026-04-18,-31.9796,154.2008,27.1,2.73,14.0,8.7,1016.6,2.17
2026-04-18,-38.7632,147.8492,13.9,2.09,13.2,7.8,1005.0,2.03
2026-04-18,16.0815,70.9449,25.6,1.63,21.0,8.2,998.7,0.41
2026-04-18,11.99,77.4601,12.9,1.56,21.5,11.5,1007.1,0.34
2026-04-19,2.8239,103.7574,23.9,2.13,28.0,8.0,1002.8,1.38
2026-04-19,32.7485,122.2566,21.7,3.15,16.2,13.9,1008.9,1.41
2026-04-19,27.4497,119.0217,16.3,2.29,19.3,13.3,1020.2,1.57
2026-04-19,25.0578,114.8174,27.4,2.28,18.7,11.3,1019.1,0.75
2026-04-19,38.0311,128.4506,23.6,2.39,14.9,10.0,1004.4,2.16
2026-04-19,19.8611,113.2111,15.1,1.77,20.9,7.9,1013.4,1.79
2026-04-19,36.7533,137.0018,24.6,2.43,13.2,12.6,1006.4,1.73
2026-04-19,34.5513,137.0603,13.9,2.73,12.8,13.7,1011.1,1.9
2026-04-19,4.845,99.6428,14.0,1.61,27.0,8.0,1010.4,0.77
2026-04-19,0.5963,100.8839,16.3,0.9,28.1,12.2,1004.0,0.5
2026-04-19,22.8094,120.7836,14.1,1.81,18.6,10.0,1021.0,1.93
2026-04-19,-32.4254,151.5498,19.7,2.37,13.6,13.3,1002.9,0.23
2026-04-19,-36.0706,143.8276,20.0,2.22,15.0,9.7,1021.8,1.46
2026-04-19,20.645,71.8026,16.2,1.63,21.1,13.4,995.9,0.49
2026-04-19,15.2249,79.4879,23.6,2.63,23.2,13.8,1000.5,1.12
2026-04-20,2.4939,101.1771,15.1,1.42,27.5,8.8,996.6,1.73
2026-04-20,32.282,119.4353,15.5,1.81,14.6,14.7,1018.9,1.14
2026-04-20,32.1564,122.7077,20.3,2.2,16.5,11.9,1006.7,0.43
2026-04-20,20.6044,115.3127,12.4,1.89,21.9,11.0,1023.7,1.37
2026-04-20,35.282,128.4051,13.7,2.88,16.2,7.1,1009.2,1.34
2026-04-20,21.6958,115.4352,27.8,1.5,21.1,8.4,1012.9,2.27
2026-04-20,35.3407,141.3639,12.9,2.95,14.0,15.0,1007.3,0.78
2026-04-20,33.4284,141.5099,13.8,2.78,16.7,7.4,1010.9,0.7
2026-04-20,4.5583,101.2723,12.5,1.49,26.6,10.1,1017.6,0.31
2026-04-20,1.6866,106.3912,19.0,1.46,26.4,11.1,1004.3,0.47
2026-04-20,22.9723,121.8085,19.6,2.8,18.5,13.0,1023.5,0.3
2026-04-20,-32.8139,150.7847,17.6,2.15,15.8,9.7,999.4,0.63
2026-04-20,-35.5333,142.6315,28.8,1.85,15.0,10.6,1018.1,1.55
2026-04-20,20.3688,75.8144,22.3,2.31,21.3,7.7,1008.2,1.9
2026-04-20,14.6676,78.7281,14.9,2.22,23.3,10.9,995.9,2.11
2026-04-21,1.6208,103.129,11.1,0.96,27.3,12.7,1014.7,0.33
2026-04-21,33.3112,122.1141,19.0,1.96,13.2,9.6,1014.1,0.27
2026-04-21,30.5216,123.301,16.0,2.7,16.1,8.2,1013.7,0.7
2026-04-21,24.6297,116.3445,11.5,2.81,19.9,13.3,1017.2,1.33
2026-04-21,36.4705,128.4536,20.9,2.1,15.4,13.7,1005.4,0.58
2026-04-21,20.8439,116.6701,27.0,1.71,19.6,13.6,1001.3,1.38
2026-04-21,34.846,137.046,22.9,1.94,15.3,11.4,995.5,1.71
2026-04-21,36.9776,141.4407,24.3,2.03,14.0,8.2,1008.7,1.31
2026-04-21,3.9664,103.6448,21.0,2.25,26.7,10.4,1012.6,1.33
2026-04-21,-0.708,105.8693,19.8,0.92,29.7,9.5,1012.4,0.49
2026-04-21,22.5033,118.9468,18.6,1.53,18.8,7.3,997.7,1.8
2026-04-21,-33.2795,152.6955,18.9,1.97,14.1,14.2,1019.9,1.63
2026-04-21,-37.2592,142.9395,17.0,2.59,11.9,14.8,1024.6,1.65
2026-04-21,18.9497,72.3029,24.4,2.83,20.9,14.9,1010.5,1.33
2026-04-21,10.379,80.7391,25.1,1.32,22.4,13.5,995.4,0.71
2026-04-22,3.6241,100.9496,20.2,1.54,26.3,7.9,1022.3,1.32
2026-04-22,32.0187,122.5025,21.8,2.87,15.5,10.1,995.3,0.38
2026-04-22,28.6411,120.78,25.4,1.93,18.5,8.9,1011.6,2.24
2026-04-22,23.4424,114.9048,12.6,2.19,17.1,10.9,1007.6,1.85
2026-04-22,37.3169,129.9247,16.3,2.16,15.0,11.7,1020.0,1.94
2026-04-22,19.5285,112.3607,23.7,1.26,21.7,10.2,1000.5,1.01
2026-04-22,37.5697,142.3111,29.2,2.64,13.1,7.6,995.6,1.72
2026-04-22,35.0592,142.4727,24.0,2.3,12.7,7.1,1014.4,2.22
2026-04-22,1.7945,98.9193,9.8,2.27,29.3,8.8,1003.5,1.98
2026-04-22,1.6119,101.1524,18.7,2.4,27.7,13.2,1009.1,1.35
2026-04-22,19.7176,121.9394,23.6,1.97,20.5,9.4,999.2,1.38
2026-04-22,-33.464,151.9403,15.2,2.58,16.1,11.2,1011.2,1.43
2026-04-22,-37.6934,145.7748,15.0,2.54,14.1,12.1,1018.4,0.36
2026-04-22,16.1337,74.7686,17.4,1.78,23.1,11.6,1021.9,0.25
2026-04-22,13.6509,78.0297,25.9,1.33,24.2,13.1,1005.8,2.07
2026-04-23,2.0766,104.3158,22.4,1.16,25.3,14.8,1011.6,0.21
2026-04-23,33.8921,123.8576,18.8,1.79,13.1,10.7,1005.1,0.89
2026-04-23,32.6123,121.3074,20.1,2.73,16.0,8.1,1003.9,1.52
2026-04-23,24.2475,111.6373,22.7,2.76,18.8,9.2,1013.3,1.5
2026-04-23,37.8194,128.6901,16.1,1.88,15.1,9.7,1012.6,1.19
2026-04-23,24.1863,116.4592,26.8,1.79,19.5,9.1,999.0,2.01
2026-04-23,34.7559,138.4122,20.9,2.99,13.8,13.2,998.8,2.06
2026-04-23,33.2929,141.7054,18.7,2.95,15.9,7.1,1017.0,0.34
2026-04-23,2.3958,103.952,23.6,1.55,28.9,10.7,1001.3,0.5
2026-04-23,3.4477,103.369,11.5,1.15,26.9,9.6,1016.6,1.93
2026-04-23,19.6576,117.8352,19.5,2.84,21.6,8.5,1015.7,1.78
2026-04-23,-35.4266,149.0268,19.9,2.25,16.0,14.4,1018.8,1.02
2026-04-23,-37.9248,142.3166,19.0,2.6,14.0,14.6,997.7,1.46
2026-04-23,21.7982,73.614,25.3,2.79,18.0,13.5,997.6,0.61
2026-04-23,10.5679,82.5514,22.1,1.42,25.2,13.4,996.6,1.45
2026-04-24,-0.5121,101.0489,9.3,1.54,27.1,7.1,1023.7,0.76
2026-04-24,32.4344,124.4015,13.8,2.38,16.5,11.5,1004.8,0.84
2026-04-24,31.7327,119.3891,21.9,2.3,16.0,11.6,1021.0,1.11
2026-04-24,20.3321,112.6004,27.0,2.55,19.7,12.9,1023.8,1.94
2026-04-24,35.2676,126.9231,20.8,2.95,15.5,7.7,1022.1,1.8
2026-04-24,19.7436,112.7163,11.4,1.84,20.6,11.9,1001.7,0.6
2026-04-24,35.4858,138.4309,29.2,2.92,15.1,10.5,1010.7,2.14
2026-04-24,33.8954,141.8661,15.1,2.45,14.4,9.2,1011.4,0.29
2026-04-24,2.5756,99.5625,17.7,2.54,29.0,14.1,1022.9,1.31
2026-04-24,1.645,106.355,13.6,1.22,29.0,13.4,1013.9,2.07
2026-04-24,22.0627,118.1288,11.7,1.86,19.2,10.6,1003.3,0.31
2026-04-24,-34.7082,151.9285,18.6,2.19,14.1,8.6,1000.5,2.01
2026-04-24,-37.2492,145.2082,18.6,2.93,11.9,10.9,1016.0,1.81
2026-04-24,19.9464,73.552,25.8,1.41,18.6,7.8,1018.4,2.27
2026-04-24,10.6512,83.1884,9.7,1.6,23.0,14.5,1015.5,0.32
2026-04-25,2.5065,101.8611,8.7,2.07,26.5,8.9,1019.5,2.25
2026-04-25,32.4222,118.9726,15.3,1.52,13.7,8.1,1008.1,0.89
2026-04-25,31.6316,121.9393,27.0,1.6,14.3,10.3,1019.4,2.22
2026-04-25,20.0167,111.7239,14.3,2.47,18.9,14.0,1024.0,1.64
2026-04-25,36.298,127.6334,23.6,2.66,12.0,9.3,1023.7,1.28
2026-04-25,23.9092,115.3945,25.5,2.12,18.9,14.4,1016.2,1.5
2026-04-25,34.8731,136.8186,16.6,2.85,12.7,7.1,1006.8,2.31
2026-04-25,36.1759,142.457,26.0,1.62,14.7,11.6,995.1,0.97
2026-04-25,5.6261,103.6697,16.0,1.79,26.6,13.1,996.9,1.39
2026-04-25,2.1232,106.0081,24.5,2.53,26.5,11.9,1021.8,2.31
2026-04-25,21.7823,121.8612,15.0,1.92,19.8,8.2,1005.8,0.36
2026-04-25,-36.5129,153.9918,22.5,2.59,14.4,10.2,1007.9,2.21
2026-04-25,-35.8681,142.3158,22.1,2.82,14.0,7.4,1015.9,0.73
2026-04-25,18.8238,71.5538,22.1,2.44,22.5,12.3,1012.1,0.84
2026-04-25,13.569,83.0498,16.2,1.48,20.7,10.9,1006.3,2.07
2026-04-26,-0.7667,102.8205,11.8,1.89,29.0,7.6,1001.4,1.03
2026-04-26,29.761,123.8668,15.1,1.64,16.6,8.5,996.8,0.61
2026-04-26,32.5504,122.7587,14.9,2.87,14.6,13.8,997.1,1.82
2026-04-26,19.7348,111.2969,25.8,1.96,21.0,9.8,995.2,1.88
2026-04-26,35.4257,131.5567,21.4,2.0,12.8,14.2,997.7,1.06
2026-04-26,20.639,111.9859,26.5,1.74,20.7,14.7,1022.7,1.2
2026-04-26,37.2016,142.6264,22.4,3.3,13.3,13.9,1020.8,0.39
2026-04-26,36.0042,140.1996,20.0,1.88,12.2,14.6,1002.2,1.68
2026-04-26,5.2938,103.184,23.7,1.16,25.4,11.2,997.3,1.22
2026-04-26,1.1422,100.697,18.3,0.83,27.3,7.7,1005.3,0.56
2026-04-26,23.9095,120.6058,14.3,2.06,20.5,7.8,1018.9,1.8
2026-04-26,-35.8433,150.3247,28.3,2.93,14.1,14.3,1016.7,1.71
2026-04-26,-37.4203,144.5655,26.1,2.49,12.3,10.0,1011.5,0.38
2026-04-26,19.4811,71.8292,23.3,2.41,20.3,12.6,997.8,1.42
2026-04-26,10.3494,77.5728,26.3,1.61,22.9,11.3,1019.2,1.53
2026-04-27,-0.414,104.1369,14.4,2.41,27.9,11.7,1022.0,1.97
2026-04-27,29.8871,124.2424,17.3,1.55,14.8,11.1,1000.0,1.86
2026-04-27,27.8434,118.8678,21.1,2.46,17.3,12.0,1020.2,0.7
2026-04-27,23.518,111.9908,15.4,1.79,18.8,9.2,1001.3,0.49
2026-04-27,36.6754,129.225,14.8,2.33,15.6,9.9,1013.1,0.63
2026-04-27,19.3805,111.9286,21.2,1.25,18.6,8.7,996.5,2.26
2026-04-27,36.8515,137.9644,15.1,2.84,13.7,13.8,998.8,2.13
2026-04-27,33.9059,140.9451,13.2,2.87,13.3,7.7,1005.1,0.3
2026-04-27,1.5208,99.5822,19.8,2.24,26.8,13.3,1001.9,2.02
2026-04-27,1.1035,102.6842,23.5,0.99,27.7,8.1,997.1,0.25
2026-04-27,20.5987,120.8907,17.8,2.76,20.7,12.9,1009.1,1.03
2026-04-27,-33.2201,153.3729,15.1,2.81,15.2,8.0,1018.6,0.78
2026-04-27,-35.7607,146.4143,26.7,1.71,13.6,8.3,1012.0,1.96
2026-04-27,17.168,70.6626,18.6,2.03,20.8,11.5,1006.1,2.05
2026-04-27,15.1313,82.7152,17.8,2.42,23.7,10.1,1016.0,2.25
2026-04-28,-1.2051,103.9248,14.9,1.44,26.7,9.3,1017.9,0.76
2026-04-28,32.1666,121.1196,19.6,3.18,16.2,11.8,1000.7,0.69
2026-04-28,29.3693,118.5952,22.9,2.09,16.4,8.0,1000.1,0.5
2026-04-28,24.8355,111.7627,16.3,1.6,17.2,10.3,999.1,2.02
2026-04-28,34.2407,130.0029,24.4,2.01,13.3,12.4,1020.5,1.6
2026-04-28,25.0491,114.3722,19.7,3.03,20.1,11.9,1017.2,2.25
2026-04-28,33.5613,138.0909,17.8,2.94,13.3,11.8,1015.5,0.78
2026-04-28,33.6498,138.671,16.6,1.78,16.8,14.9,1023.4,2.34
2026-04-28,1.12,100.5938,9.1,1.73,26.5,9.1,1001.1,1.99
2026-04-28,3.2155,101.9943,9.8,2.29,28.1,11.2,1007.2,1.02
2026-04-28,23.9399,119.5202,19.1,2.57,20.4,11.5,1003.1,0.93
2026-04-28,-34.1476,151.7303,27.8,2.91,13.8,13.2,1022.0,1.6
2026-04-28,-35.1317,144.1261,16.8,2.21,14.2,13.9,1006.8,2.25
2026-04-28,19.5178,72.9682,27.0,1.34,19.2,9.2,997.4,0.96
2026-04-28,12.3023,80.4836,25.1,2.05,24.9,14.5,1022.5,0.87
2026-04-29,-1.1845,102.9021,21.1,1.84,26.8,14.5,1012.3,1.07
2026-04-29,33.2959,119.564,26.9,1.95,14.9,14.8,999.1,1.01
2026-04-29,31.1727,124.4678,16.7,2.15,17.6,9.3,1024.9,2.3
2026-04-29,23.4471,114.559,15.3,2.85,20.6,13.5,1004.0,0.9
2026-04-29,34.0333,130.386,13.5,2.52,13.6,13.2,1001.8,2.31
2026-04-29,23.4033,111.2778,20.2,2.49,17.4,14.5,1019.7,2.22
2026-04-29,33.5287,137.3718,18.7,2.48,13.3,14.5,1003.4,0.54
2026-04-29,34.6202,142.4548,17.4,3.09,14.3,14.2,1018.9,0.77
2026-04-29,5.0648,102.3029,20.2,1.0,26.0,12.1,999.9,1.63
2026-04-29,3.2572,100.7009,17.4,2.23,28.2,13.6,1001.7,1.18
2026-04-29,22.3451,120.7652,17.8,1.85,18.1,10.7,998.3,2.2
2026-04-29,-32.9946,148.4891,25.4,2.72,16.4,13.5,1023.0,0.34
2026-04-29,-35.2482,144.168,23.7,2.7,12.5,7.2,999.6,2.08
2026-04-29,17.019,70.7196,15.5,1.72,22.0,14.6,998.6,0.26
2026-04-29,11.8894,83.0767,21.4,1.27,25.1,13.1,1010.9,1.58
2026-04-30,-1.1887,106.8127,23.6,1.16,26.3,12.0,1005.5,0.54
2026-04-30,32.8838,119.5298,24.6,2.55,14.0,12.8,1020.7,1.93
2026-04-30,28.9321,122.8588,28.3,2.04,18.3,12.3,1001.4,0.72
2026-04-30,20.557,114.8975,23.8,2.01,20.8,8.5,1010.7,1.54
2026-04-30,32.1881,128.2571,20.3,2.69,17.1,13.7,1018.5,0.7
2026-04-30,20.6791,113.7303,19.4,2.91,19.8,7.7,996.5,2.35
2026-04-30,32.9496,137.7749,22.7,2.87,13.7,11.0,999.8,2.08
2026-04-30,34.7305,137.23,21.0,1.84,12.9,12.2,1023.6,2.36
2026-04-30,1.3336,104.1765,19.7,1.9,26.2,7.7,1020.8,1.67
2026-04-30,3.4129,103.1575,20.5,1.32,28.1,13.2,1009.4,0.91
2026-04-30,24.1498,118.0875,14.8,2.99,17.5,12.5,999.6,2.3
2026-04-30,-31.3509,151.2594,23.0,2.78,15.0,15.0,1005.4,2.38
2026-04-30,-35.6652,145.3595,25.0,2.72,14.9,13.9,1000.4,2.31
2026-04-30,18.3801,72.2137,24.4,2.26,22.8,8.7,1014.7,2.18
2026-04-30,11.5362,82.6532,23.0,1.87,24.7,7.5,1014.4,1.37
